;Full_address;Latitude;Longitude;room_price
0; via Apulia 13, Roma, Italy;4.188.205;12.504.559.599.999.900;430.0
1; via Nemorense 18, Roma, Italy;41.926.064.399.999.900;125.097.871;750.0
2; viale Eritrea 91, Roma, Italy;41.927.925.200.000.000;1.251.559;450.0
3; viale Agosta 22, Roma, Italy;418.914.383;125.575.476;385.0
4; via Palestro 15, Roma, Italy;41.907.846.299.999.900;125.006.797;385.0
5; via Antonio Cippico, Roma, Italy;41.821.419.399.999.900;124.826.393;500.0
6; via Lovanio, Roma, Italy;419.214.504;124.980.441;550.0
7; via Stanislao Cannizzaro 72, Roma, Italy;41.929.968;12.570.610.400.000.000;340.0
8; via Val d'Aosta 102, Roma, Italy;41.932.951.200.000.000;125.244.151;450.0
9; via Antonio Magarotto 36, Roma, Italy;4.191.261.420.000.000;123.959.088;350.0
10; piazza di Ponte Lungo 11, Roma, Italy;4.187.790.089.999.990;125.189.638;450.0
11;  via via Giovanni Vitelleschi, Roma, Italy;419.047.693;12.461.485.099.999.900;480.0
12; via Antonio Silvani 36, Roma, Italy;419.482.219;125.185.512;340.0
13; piazza Istria, Roma, Italy;419.231.739;125.121.716;550.0
14; via Giovanni Frignani 169, Roma, Italy;417.899.185;124.472.191;230.0
15; via Livio Andronico, Roma, Italy;419.109.555;12.441.396.899.999.900;400.0
16; via Pieve di Cadore, Roma, Italy;41.939.510.299.999.900;124.370.312;500.0
17; via Pomarico, Roma, Italy;418.297.645;12.518.052.099.999.900;400.0
18; via Sebastiano Veniero 30, Roma, Italy;41.907.695.700.000.000;124.542.396;550.0
19; via Latina 497, Roma, Italy;41.873.225;12.514.204.300.000.000;450.0
20; via Pescara, Roma, Italy;418.827.908;125.231.997;540.0
21; via Carlo Giuseppe Bertero 43, Roma, Italy;419.323.637;125.544.043;425.0
22; via Catania 71A, Roma, Italy;41.910.003.700.000.000;125.199.187;500.0
23; via Quirino Majorana, Roma, Italy;418.677.573;124.624.321;500.0
24; via della Meloria, Roma, Italy;4.190.729.279.999.990;12.445.734.199.999.900;550.0
25; viale delle Provincie 55, Roma, Italy;419.100.597;125.213.046;450.0
26; via Sardegna, Roma, Italy;419.088.044;12.488.867.599.999.900;450.0
27; via Po 58, Roma, Italy;42.026.618.799.999.900;119.419.396;700.0
28; via dei Cessati Spiriti 88, Roma, Italy;41.866.568;12.529.739.900.000.000;380.0
29; via di Torrevecchia 5, Roma, Italy;41.923.921.899.999.900;124.128.615;450.0
30; via Giovanni Garau 19, Roma, Italy;41.735.454.600.000.000;122.691.927;320.0
31; largo Trionfale 1, Roma, Italy;419.105.131;124.546.836;650.0
32; via Riccardo Zampieri 51, Roma, Italy;41.905.013.000.000.000;125.486.577;330.0
33; viale delle Milizie, Roma, Italy;41.911.209.899.999.900;124.581.093;550.0
34; via Tagliamento 76, Roma, Italy;416.570.679;124.232.121;470.0
35; via dei Monti Tiburtini 489, Roma, Italy;41.916.526.700.000.000;12.544.608.300.000.000;550.0
36; viale di Porta Tiburtina 2, Roma, Italy;41.897.904.700.000.000;125.102.404;550.0
37; via dei Bichi 31, Roma, Italy;418.823.352;124.227.149;380.0
38; via Paolo Segneri 15, Roma, Italy;418.752.452;124.647.037;500.0
39; largo Virgilio Brocchi 68, Roma, Italy;418.428.677;12.491.539.900.000.000;400.0
40; via Cesare Rasponi, Roma, Italy;41.920.351.700.000.000;12.525.019.699.999.900;450.0
41; via Don Filippo Rinaldi 16, Roma, Italy;418.762.776;12.529.717.100.000.000;500.0
42; via Severo Carmignano 9, Roma, Italy;41.868.933.899.999.900;124.449.168;400.0
43; via Nomentana 93, Roma, Italy;41.911.289.700.000.000;125.038.311;390.0
44; via Gian Luca Squarcialupo 36, Roma, Italy;419.129.508;125.266.195;450.0
45; via Vincenzo Coronelli, Roma, Italy;418.853.262;125.333.021;360.0
46; via Lucca 33, Roma, Italy;419.094.213;125.177.033;620.0
47; via di Pietralata 430, Roma, Italy;419.267.886;125.305.166;300.0
48; via Lionello Venturi, Roma, Italy;42.004.731;1.247.157;300.0
49; piazza del Lavoro, Roma, Italy;41.845.616.299.999.900;12.477.184.199.999.900;350.0
50; via Pietro Mascagni, Roma, Italy;41.934.684.499.999.900;12.519.949.800.000.000;380.0
51; via Alessandria 184, Roma, Italy;41.914.514.399.999.900;125.066.591;350.0
52; via Bartolomeo Cueva 15, Roma, Italy;419.343.221;12.422.484.800.000.000;380.0
53; via Annibale De Gasparis 60, Roma, Italy;418.248.131;124.911.177;350.0
54; via Filippi 9, Roma, Italy;4.185.440.620.000.000;124.746.465;500.0
55; via San Gimignano 29, Roma, Italy;419.740.402;12.510.259.300.000.000;290.0
56; via Massaciuccoli 14, Roma, Italy;419.262.903;1.251.485;550.0
57; via Filippo Turati, Roma, Italy;41.896.663.700.000.000;125.054.344;500.0
58; via Filippo Nicolai 90, Roma, Italy;41.915.289;124.412.038;450.0
59; via Savoia 44, Roma, Italy;419.140.429;12.502.205;700.0
60; via Tiburtina 548, Roma, Italy;41.919.546.200.000.000;125.653.478;370.0
61; via Chisimaio 32, Roma, Italy;419.281.957;125.229.075;450.0
62; via Monte delle Gioie 20, Roma, Italy;41.931.971.999.999.900;125.121.534;440.0
63; via Vittorio Locchi 8, Roma, Italy;41.924.322.700.000.000;124.916.717;500.0
64; piazza San Saturnino, Roma, Italy;419.230.575;125.079.018;500.0
65; via Cesare Baronio 38, Roma, Italy;41.874.077;12.521.686.500.000.000;900.0
66; via Monte Pertica, Roma, Italy;419.192.093;124.598.549;500.0
67; via Scribonio Curione, Roma, Italy;418.634.756;125.537.115;360.0
68; via Ostiense 361, Roma, Italy;418.532.789;124.773.507;420.0
69; piazza Gaspare Ambrosini 25, Roma, Italy;41.949.796;12.583.749.099.999.900;290.0
70; via di Valle Aurelia, Roma, Italy;419.213.941;12.432.457.199.999.900;800.0
71;  via Giovanni da Procida, Roma, Italy;419.122.078;125.251.431;450.0
72; via Nocera Umbra, Roma, Italy;41.880.044.399.999.900;12.531.804.199.999.900;450.0
73; via Bixio 71, Roma, Italy;418.927.586;125.077.965;500.0
74; via Federico Ozanam 44, Roma, Italy;418.752.699;124.466.619;480.0
75; via Cardinale Garampi 152, Roma, Italy;419.123.318;124.217.672;350.0
76; via Giovanni della Casa, Roma, Italy;419.456.624;12.418.432.800.000.000;350.0
77; via Francesco Satolli 6, Roma, Italy;41.894.209.499.999.900;124.393.663;466.0
78; via Gibilmanna, Roma, Italy;4.184.721.210.000.000;124.766.045;440.0
79; via Paolo Farinata 4, Roma, Italy;41.870.800.200.000.000;12.641.371.699.999.900;320.0
80; via Gerace 3, Roma, Italy;418.823.525;12.519.810.699.999.900;375.0
81; via Germanico, Roma, Italy;41.908.486.700.000.000;124.609.091;500.0
82; via Arezzo 38, Roma, Italy;41.911.269.299.999.900;125.185.563;500.0
83; via Alberto Bolognetti 11, Roma, Italy;41.915.863;12.422.522.099.999.900;350.0
84; viale Giulio Cesare, Roma, Italy;419.116.588;124.672.507;650.0
85; via Augusto Vera 19, Roma, Italy;418.452.935;124.875.348;350.0
86; via Giotto Dainelli, Roma, Italy;419.878.935;125.554.793;600.0
87; via Cogoleto, Roma, Italy;4.192.872.620.000.000;12.423.198.800.000.000;360.0
88; via Alessandro Malladra, Roma, Italy;41.919.012;125.476.549;500.0
89; via Felice Cavallotti 34, Roma, Italy;41.879.155;12.462.105.000.000.000;650.0
90; Gemelli - Pineta Sacchetti, Roma, Italy;419.278.076;12.427.372.199.999.900;600.0
91; via Giuseppe Toraldo, Roma, Italy;418.647.279;126.241.009;350.0
92; via degli Aldobrandeschi 16, Roma, Italy;41.874.803.899.999.900;123.934.345;650.0
93; via Giulianello, Roma, Italy;418.664.331;125.396.492;450.0
94; via Giovanni Aldini, Roma, Italy;418.640.489;12.467.357.199.999.900;480.0
95; via Luigi Roux 30, Roma, Italy;419.077.826;125.381.253;590.0
96; via Ferdinando Innocenti 58, Roma, Italy;41.930.358;12.564.561;350.0
97; via Paraguay 18, Roma, Italy;419.218.406;12.494.316.699.999.900;620.0
98; via Giuseppe Martucci 3, Roma, Italy;418.767.972;12.746.518.199.999.900;550.0
99; viale Arrigo Boito 16, Roma, Italy;419.552.949;12.159.533;380.0
100; via Mario Pannunzio 4, Roma, Italy;419.114.274;125.450.556;390.0
101; via Giorgio Cingoli, Roma, Italy;41.902.283.000.000.000;12.546.275.900.000.000;650.0
102; via Appia Nuova 572, Roma, Italy;418.702.956;125.277.694;450.0
103; via Prenestina 18, Roma, Italy;41.821.189.399.999.900;129.262.884;320.0
104; piazzale Enrico Dunant, Roma, Italy;418.728.613;12.458.515;430.0
105; via Francesco Borgatti 11, Roma, Italy;419.456.175;12.470.914.800.000.000;450.0
106; via Giorgio Scalia 10, Roma, Italy;41.907.188.899.999.900;124.457.636;650.0
107; via Paolo V, Roma, Italy;419.126.874;124.203.962;450.0
108; via dei Monti di Primavalle 247, Roma, Italy;41.909.248.999.999.900;124.132.383;450.0
109; via Riccardo Grazioli Lante 76, Roma, Italy;419.133.526;124.563.054;550.0
110; via Franco Michelini Tocci 68, Roma, Italy;41.922.489;124.461.853;390.0
111; via Carlo Fea 11, Roma, Italy;419.189.824;125.183.454;530.0
112; via Giuseppe Andreoli, Roma, Italy;41.914.738;12.461.907.400.000.000;450.0
113; via Farfa, Roma, Italy;41.849.031.599.999.900;124.771.145;450.0
114; via Angelo Emo, Roma, Italy;419.048.135;12.447.161.099.999.900;435.0
115; via Giuseppe Tomasi di Lampedusa 9, Roma, Italy;418.159.536;12.472.144.300.000.000;450.0
116; via Luigi Arnaldo Vassallo 51, Roma, Italy;419.071.733;125.389.993;390.0
117; piazza Sempione, Roma, Italy;419.353.051;12.534.195;400.0
118; via Anagni 66, Roma, Italy;418.900.915;125.538.823;270.0
119; via Rosa Venerini, Roma, Italy;41.945.586.299.999.900;124.235.243;400.0
120; via Nomentana 994, Roma, Italy;41.946.462.100.000.000;125.660.936;500.0
121; piazza Addis Abeba 1, Roma, Italy;419.314.927;125.230.625;400.0
122; via San Nemesio 3, Roma, Italy;41.858.491.799.999.900;124.890.344;500.0
123; via degli Scipioni 82, Roma, Italy;419.084.895;124.582.398;700.0
124; largo di Villa Bianca 6, Roma, Italy;419.259.834;125.127.937;500.0
125; via Val Cristallina 26, Roma, Italy;419.381.243;125.284.115;430.0
126; piazza Irnerio, Roma, Italy;418.984.029;12.430.148.599.999.900;400.0
127; piazza Manfredo Fanti 46, Roma, Italy;418.977.615;125.034.242;470.0
128; via Flavio Domiziano 9, Roma, Italy;41.851.532.899.999.900;12.485.203.199.999.900;500.0
129; via Umberto Moricca 33, Roma, Italy;41.901.771.000.000.000;124.360.462;420.0
130; via Pasquale II 174, Roma, Italy;419.114.891;12.410.623;800.0
131; via Ripa Teatina 10, Roma, Italy;419.242.523;12.574.027.800.000.000;360.0
132; viale Regina Margherita 157, Roma, Italy;419.096.973;125.107.964;600.0
133; via Eudo Giulioli 4, Roma, Italy;4.184.916.810.000.000;125.780.203;380.0
134; via Arrigo Benedetti 13, Roma, Italy;419.008.798;125.461.188;450.0
135; via Pescosolido 36, Roma, Italy;41.918.839.299.999.900;125.625.326;340.0
136;  via Gallia, 64, Roma, Italy;418.812.389;125.022.603;470.0
137; via di Val Tellina 29, Roma, Italy;41.865.730.799.999.900;124.492.719;500.0
138; via Principe Umberto, Roma, Italy;418.943.609;12.509.389;438.0
139; via Ada Negri 21, Roma, Italy;419.472.559;125.614.045;350.0
140; via Giacinto Mompiani 7, Roma, Italy;419.117.263;124.594.405;500.0
141; via Arturo Graf, Roma, Italy;4.194.396;12.552.583.300.000.000;350.0
142; largo Enea Bortolotti 10, Roma, Italy;41.855.013.899.999.900;12.472.288.699.999.900;400.0
143; via Caio Mario, Roma, Italy;419.085.511;124.607.985;800.0
144; via Enrico Fermi 6, Roma, Italy;413.576;13.422.061.800.000.000;275.0
145; via Antonio Stoppani 10, Roma, Italy;41.922.081;124.905.621;750.0
146; piazza Giancarlo Vallauri 10, Roma, Italy;41.864.610.600.000.000;124.832.091;550.0
147; via Poggio Catino 33, Roma, Italy;419.305.231;12.515.199.800.000.000;470.0
148;  via dei Corneli, 2, Roma, Italy;41.866.072.499.999.900;125.452.955;380.0
149; via Arrigo Davila, Roma, Italy;418.682.016;125.283.484;450.0
150; via Sambucuccio d'Alando, Roma, Italy;41.912.563.899.999.900;125.215.738;430.0
151;  via di Villa Ricotti, Roma, Italy;419.154.152;125.187.475;450.0
152; via Cividale del Friuli 21, Roma, Italy;418.768.604;12.517.311.300.000.000;425.0
153; via Alfredo Casella 31, Roma, Italy;41.937.785.299.999.900;12.515.588.099.999.900;550.0
154; via Giuseppe Bellucci 38, Roma, Italy;419.298.295;12.568.748.199.999.900;350.0
155; via Panaro, Roma, Italy;419.250.685;125.090.356;520.0
156; via Valle di Corio 16, Roma, Italy;41.940.174.400.000.000;125.272.727;400.0
157; via Tarcento 44, Roma, Italy;41.899.438.200.000.000;12.562.961.999.999.900;400.0
158; piazzale Clodio, Roma, Italy;419.168.619;124.551.095;500.0
159; via Valerio Publicola, Roma, Italy;418.568.494;125.570.557;450.0
160; via della Pineta Sacchetti 229, Roma, Italy;419.297.774;124.244.036;440.0
161; via Tor de' Schiavi 333, Roma, Italy;418.940.534;12.559.448;450.0
162; viale dell'Oceano Atlantico 29, Roma, Italy;41.819.252.899.999.900;124.674.779;420.0
163; Clivo della Montagnola 10, Roma, Italy;418.498.994;12.476.140.800.000.000;460.0
164; via Enrico Cosenz 22, Roma, Italy;418.963.085;12.535.762.599.999.900;375.0
165; via Pavia, Roma, Italy;419.091.487;125.187.655;500.0
166; via Federico Faruffini 12, Roma, Italy;418.411.403;126.046.172;850.0
167; via Cina 99, Roma, Italy;418.101.945;12.431.842.199.999.900;370.0
168; via di Torrenova 173, Roma, Italy;41.863.781;126.190.226;350.0
169; via Franco Bartoloni 93, Roma, Italy;41.867.206.599.999.900;125.284.799;530.0
170; via Valsesia 26, Roma, Italy;419.424.266;12.527.134.599.999.900;450.0
171; via Luigi Ferretti, Roma, Italy;41.868.393.700.000.000;125.727.926;300.0
172; via Giuseppe Govone 29, Roma, Italy;418.975.341;12.535.722.400.000.000;350.0
173; via Enrico Fermi, Roma, Italy;418.193.033;126.735.644;400.0
174; via Roccagorga 15, Roma, Italy;418.655.721;12.531.919.699.999.900;450.0
175; via Prenestina 42, Roma, Italy;41.819.682;12.953.505.499.999.900;360.0
176; corso Trieste, Roma, Italy;419.234.122;12.513.063.699.999.900;550.0
177; via Gualtiero Serafino 8, Roma, Italy;419.104.821;124.452.479;450.0
178; via Paolo Savi, Roma, Italy;418.723.634;126.010.364;325.0
179; Re di Roma, Roma, Italy;41.881.635.100.000.000;125.144.046;450.0
180;  via Nemi, 8, Roma, Italy;418.681.869;125.327.689;450.0
181; Grottarossa - Saxa Rubra, Roma, Italy;41.965.760.100.000.000;124.905.226;400.0
182; viale Tito Livio 179, Roma, Italy;419.173.677;124.440.919;490.0
183; via delle Alpi Apuane 11B, Roma, Italy;419.365.093;125.365.602;450.0
184; viale delle Provincie 96, Roma, Italy;4.191.038.629.999.990;125.208.599;500.0
185; viale Egeo 137, Roma, Italy;41.828.631.200.000.000;124.542.159;420.0
186; via Igino Lega 2, Roma, Italy;4.198.070.429.999.990;124.155.635;400.0
187; via L'Aquila 23, Roma, Italy;41.458.868.599.999.900;127.400.661;380.0
188; via Francesco Suriano, Roma, Italy;417.864.707;123.731.932;350.0
189; via Efisio Orano 9, Roma, Italy;41.908.955;12.573.632.199.999.900;500.0
190; via Giuseppe Avezzana 6, Roma, Italy;419.160.804;12.466.901;500.0
191; via Andrea Millevoi 683, Roma, Italy;41.822.340.000.000.000;125.186.504;400.0
192; viale delle Mura Gianicolensi 96, Roma, Italy;418.860.821;12.461.867.699.999.900;1.22
193; via Domenichino 5, Roma, Italy;418.951.112;12.499.121.800.000.000;600.0
194; via Ariano Irpino, Roma, Italy;418.919.316;125.426.886;270.0
195; piazza della Radio, Roma, Italy;418.692.575;124.671.587;500.0
196; via Bernardo Barbiellini Amidei 43, Roma, Italy;419.249.499;124.269.739;500.0
197; via Tiburtina Antica 7, Roma, Italy;41.897.434.999.999.900;125.110.371;500.0
198; via di Tor Vergata 19, Roma, Italy;41.855.845;126.256.618;350.0
199; viale Cortina d'Ampezzo 191, Roma, Italy;422.031.797;12.398.881.699.999.900;500.0
200; piazzale delle Provincie 11, Roma, Italy;41.909.411.600.000.000;125.217.273;540.0
201; via Val Sassina 12, Roma, Italy;4.193.557.620.000.000;125.281.315;450.0
202; via Michele di Lando, Roma, Italy;419.141.639;12.526.607.199.999.900;490.0
203; via del Forte Braschi 87, Roma, Italy;41.913.878.600.000.000;124.150.441;400.0
204; via Bolzano 32, Roma, Italy;454.155.857;109.900.674;700.0
205; via Olindo Malagodi, Roma, Italy;419.089.467;12.536.128.199.999.900;430.0
206; via Giuseppe De Marini, Roma, Italy;41.968.286.799.999.900;12.518.182.699.999.900;350.0
207; largo Federico Delpino 5, Roma, Italy;418.909.089;125.620.951;500.0
208; via Enrico Cosenz 11, Roma, Italy;4.189.645;12.536.624.400.000.000;500.0
209; via Giulia di Colloredo, Roma, Italy;418.773.994;12.443.710.000.000.000;300.0
210; viale Tirreno, Roma, Italy;419.407.305;125.284.349;390.0
211; via Francesco Paolo Neglia, Roma, Italy;417.513.065;12.377.964.599.999.900;350.0
212; via Giarabub 16, Roma, Italy;4.193.033.870.000.000;125.218.045;420.0
213; via Giovanni Caselli 67, Roma, Italy;418.690.821;124.625.247;450.0
214;  via Lucrino, Roma, Italy;41.928.481;12.513.713.099.999.900;600.0
215; via della Lega Lombarda 22, Roma, Italy;419.089.933;125.225.142;600.0
216; via dell'Esquilino 38, Roma, Italy;41.898.208.700.000.000;124.984.338;800.0
217; via dei Balestrucci 50, Roma, Italy;418.744.414;125.936.252;300.0
218; viale Appio Claudio 249, Roma, Italy;418.519.334;12.560.715.199.999.900;500.0
219; viale Bruno Pelizzi 163, Roma, Italy;418.595.458;12.577.269.699.999.900;350.0
220; via Gennaro Righelli 64, Roma, Italy;4.194.759.570.000.000;125.671.005;500.0
221; vicolo del Casale Galvani, Roma, Italy;419.121.441;125.405.386;300.0
222; via Eratostene, Roma, Italy;418.817.341;12.541.612.800.000.000;350.0
223; viale Leonardo da Vinci, Roma, Italy;4.179.741.679.999.990;12.587.744.800.000.000;450.0
224; via del Serafico 159, Roma, Italy;418.307.928;124.908.341;400.0
225; via Lampedusa 10, Roma, Italy;419.432.153;12.536.721.400.000.000;600.0
226; via Federico Patetta 4, Roma, Italy;419.041.757;124.299.131;450.0
227; via Ancona 20, Roma, Italy;419.099.951;12.501.792;600.0
228; via Rainone 27, Roma, Italy;418.518.302;12.676.777.900.000.000;500.0
229; piazza Ischia, Roma, Italy;4.194.299.829.999.990;125.385.745;320.0
230; via Tevere 31, Roma, Italy;42.025.941.499.999.900;119.415.989;600.0
231; via Vestricio Spurinna 101, Roma, Italy;418.643.515;12.555.184.599.999.900;520.0
232;  via monteforte irpino, Roma, Italy;418.914.406;125.524.438;380.0
233; via Cesare Correnti 7, Roma, Italy;418.731.275;125.169.659;300.0
234; via Decio Azzolino 71, Roma, Italy;419.146.002;124.024.587;400.0
235; via di Vigna Due Torri, Roma, Italy;418.473.947;124.526.855;450.0
236; via Carlo Cattaneo 10, Roma, Italy;41.716.181.899.999.900;128.451.798;450.0
237; via Concordia, Roma, Italy;418.776.483;125.088.679;375.0
238; via Galeazzo Alessi 69, Roma, Italy;418.807.651;125.351.531;440.0
239; via del Quadraretto 22, Roma, Italy;41.863.158;125.458.647;330.0
240;  via Torri in Sabina 13, Roma, Italy;41.935.422.499.999.900;125.120.481;470.0
241; viale marconi, Roma, Italy;42.025.695;129.943.588;380.0
242; via Angiolo Cassioli, Roma, Italy;41.868.187.799.999.900;12.579.553.599.999.900;330.0
243; via Andrea Sacchi 9, Roma, Italy;419.331.059;124.660.544;500.0
244; via di Santa Costanza, Roma, Italy;41.921.858;125.157.843;500.0
245;  viale CARSO, Roma, Italy;41.919.435;12.460.773.199.999.900;500.0
246;  via Isabella d'Aragona, Roma, Italy;419.123.683;125.226.651;275.0
247; via del Fosso di Papa Leone 22, Roma, Italy;418.342.282;124.417.016;350.0
248; piazza di Santa Maria Ausiliatrice, Roma, Italy;418.735.528;12.530.463.300.000.000;500.0
249; via Guglielmo Sirleto, Roma, Italy;419.243.343;12.420.100.699.999.900;350.0
250; via Pavia 45, Roma, Italy;419.096.521;12.518.897.599.999.900;450.0
251; via Gregorio XIII, Roma, Italy;419.056.797;124.186.397;420.0
252; via Ottavio Assarotti 19, Roma, Italy;419.423.552;124.216.711;400.0
253; via Fratelli Bandiera 1, Roma, Italy;42.057.934.100.000.000;126.982.774;500.0
254; via Frassinoro 38, Roma, Italy;417.900.015;12.414.721.400.000.000;450.0
255;  via del Casaletto, 151, Roma, Italy;418.761.391;12.440.557;450.0
256; viale degli Ammiragli, Roma, Italy;41.905.403;12.444.987.199.999.900;500.0
257; via dei Reti, Roma, Italy;4.189.982.020.000.000;125.173.073;500.0
258; via Francesco dall'Ongaro 43, Roma, Italy;41.879.140.899.999.900;124.645.629;650.0
259; via Fregene, Roma, Italy;418.825.735;125.108.692;500.0
260; via di Monte Verde 65, Roma, Italy;418.723.969;12.457.792.300.000.000;500.0
261; via Aulo Gabinio 5, Roma, Italy;41.856.522.600.000.000;12.557.918.199.999.900;430.0
262; via Bartolino da Novara 50, Roma, Italy;418.770.058;125.404.682;500.0
263; via Montefalco 15, Roma, Italy;418.799.255;12.529.148.199.999.900;320.0
264; via Vallarsa 1, Roma, Italy;41.935.094.899.999.900;12.530.761;350.0
265; via Francesco di Benedetto 122, Roma, Italy;41.838.606.799.999.900;12.601.493;350.0
266; via Festo Avieno 73, Roma, Italy;419.271.686;12.443.693;500.0
267; via Como, Roma, Italy;419.097.367;125.154.992;500.0
268; via Fiume delle Perle 11, Roma, Italy;418.088.781;124.371.421;380.0
269; via Ludovico da Casoria 20, Roma, Italy;41.971.733;12.506.048.199.999.900;300.0
270; largo Ettore Marchiafava 3, Roma, Italy;419.069.779;12.517.431.199.999.900;500.0
271; via Giuseppe Gioachino Belli 39, Roma, Italy;41.906.794.500.000.000;12.469.445;500.0
272; viale Anicio Gallo 12, Roma, Italy;41.854.482.899.999.900;125.608.262;300.0
273; via Angelo Barbetti 43, Roma, Italy;41.862.007.299.999.900;126.011.265;360.0
274; via di Porta Fabbrica, Roma, Italy;418.993.412;124.537.475;550.0
275; via Salvatore Pincherle 64, Roma, Italy;41.852.336;124.717.056;440.0
276; via di Villa San Filippo, Roma, Italy;419.273.293;12.492.123.300.000.000;750.0
277;  via  della stazione tuscolana, Roma, Italy;418.830.494;12.525.897.500.000.000;430.0
278; via Sorelle Marchisio, Roma, Italy;419.256.019;12.424.464.599.999.900;380.0
279; Conca d'Oro - Valli, Roma, Italy;419.386.143;125.260.345;900.0
280; piazza Vega 52, Roma, Italy;417.268.614;122.940.002;360.0
281; San Giovanni, Roma, Italy;4.188.534.779.999.990;12.509.976;300.0
282;  via Giacinto Carini, Roma, Italy;418.852.412;12.460.954.699.999.900;500.0
283; via Cerveteri, Roma, Italy;41.881.417;125.118.978;500.0
284; piazzale di Porta Pia 116, Roma, Italy;419.099.037;125.012.674;
285; via Ennio Bonifazi, Roma, Italy;41.906.395.200.000.000;124.148.603;450.0
286; via Alberto Pollio 30, Roma, Italy;419.002.133;125.342.341;400.0
287; via Fratelli Laurana 7, Roma, Italy;418.230.316;12.486.921.699.999.900;350.0
288; via Alessandro Vellutello 10, Roma, Italy;417.870.361;12.385.653.199.999.900;1.0
289; via dello Scalo Prenestino 10, Roma, Italy;418.979.857;125.433.119;380.0
290; via Lusitania 33, Roma, Italy;418.770.207;125.043.156;470.0
291; via Etruria 44, Roma, Italy;418.790.316;12.512.723.800.000.000;1.14
292; via Tito Quinzio Penno, Roma, Italy;418.653.494;12.553.457;460.0
293; via Mendicino, Roma, Italy;418.327.165;12.600.505.400.000.000;380.0
294; via dei Latini, Roma, Italy;418.970.315;12.513.448.599.999.900;500.0
295; via di Tor Pignattara 121, Roma, Italy;418.763.852;12.541.541;350.0
296; via di Monte del Gallo 26, Roma, Italy;418.963.761;124.521.353;700.0
297; via Poggio Bracciolini 78, Roma, Italy;419.465.932;12.569.294.000.000.000;500.0
298; via Giuseppe Macchi 41, Roma, Italy;418.630.126;126.179.186;350.0
299; via Ponzio Cominio 11, Roma, Italy;418.601.838;125.573.281;550.0
300; via Pomposa 21, Roma, Italy;418.475.963;124.789.368;600.0
301; via Pietro Gasparri 60, Roma, Italy;41.924.817.299.999.900;124.139.922;360.0
302; via Eleonora d'Arborea, Roma, Italy;41.911.430.100.000.000;125.234.031;500.0
303; via Scipio Slataper 9, Roma, Italy;41.925.039.899.999.900;124.924.128;550.0
304; largo Guido Cencetti, Roma, Italy;419.252.564;124.266.473;450.0
305; via Pellegrino Matteucci, Roma, Italy;418.718.215;124.834.289;380.0
306;  via teulada, Roma, Italy;419.203.287;124.545.843;570.0
307; via Oldenico 26, Roma, Italy;419.265.706;12.376.652.400.000.000;450.0
308; piazza Caterina Sforza 6, Roma, Italy;41.858.875.399.999.900;124.912.587;450.0
309; via Luigi Magrini 18, Roma, Italy;41.865.185.600.000.000;124.697.485;
310; viale Partenope, Roma, Italy;41.892.219.700.000.000;12.551.137.400.000.000;350.0
311; via Vito Giuseppe Galati, Roma, Italy;41.911.688.500.000.000;125.702.548;300.0
312; via Lucio Papirio 116, Roma, Italy;418.541.692;125.614.221;450.0
313; via Marco Valerio Corvo, Roma, Italy;418.567.843;125.596.915;350.0
314; via Augusto Riboty 18, Roma, Italy;41.915.419.299.999.900;124.546.828;450.0
315; via Domenico Fava 26, Roma, Italy;4.195.574.129.999.990;12.399.220.399.999.900;360.0
316; via dei Dauni 2, Roma, Italy;41.901.038.899.999.900;125.114.008;550.0
317; via Gela 73, Roma, Italy;4.187.853;12.520.192;450.0
318; via dell'Acquedotto del Peschiera 160, Roma, Italy;419.365.067;12.425.402.499.999.900;400.0
319; via Tevere, Roma, Italy;42.091.168.200.000.000;118.054.029;520.0
320; via di Villa Maggiorani 31, Roma, Italy;41.930.912;124.246.605;400.0
321;  via Dei Latini 71, Roma, Italy;416.640.265;124.799.636;275.0
322;  via via Antelao  9, Roma, Italy;419.433.708;125.300.528;350.0
323; via di Sant'Angela Merici 20, Roma, Italy;41.922.487.200.000.000;125.260.347;450.0
324; via Castiglione d'Orcia, Roma, Italy;418.524.548;124.388.302;420.0
325; viale Giulio Cesare 51, Roma, Italy;41.910.394.200.000.000;12.461.586;
326;  via podenzana, Roma, Italy;41.956.936.600.000.000;12.519.902;450.0
327; via Gabriello Chiabrera, Roma, Italy;41.854.212.700.000.000;12.479.376.199.999.900;580.0
328; via Libero Leonardi 12, Roma, Italy;418.542.696;125.929.112;540.0
329; via Giorgio Ghisi 19, Roma, Italy;418.687.298;12.642.833.300.000.000;450.0
330; via Gaspare Gozzi 137, Roma, Italy;418.538.647;124.783.941;450.0
331; via Reggio Calabria, Roma, Italy;419.118.954;12.519.762.199.999.900;450.0
332; viale Etiopia 34, Roma, Italy;41.931.644.399.999.900;12.523.257.899.999.900;440.0
333; via Val D'Ossola 12, Roma, Italy;42.058.287;12.699.095.199.999.900;400.0
334; via Adolfo Giaquinto 8, Roma, Italy;418.681.635;12.575.765.800.000.000;350.0
335; via dei Volsci 20, Roma, Italy;417.272.196;12.825.094.400.000.000;400.0
336; via dei Podesti 16, Roma, Italy;41.928.672;12.461.973.500.000.000;460.0
337; via Gian Battista Miliani 20, Roma, Italy;418.596.937;12.623.231.500.000.000;330.0
338; via dei Castani, Roma, Italy;41.882.647.399.999.900;12.566.727;580.0
339; via del Calcio 1, Roma, Italy;41.832.618;125.089.841;450.0
340; via dei Banchi Nuovi 44, Roma, Italy;418.995.477;12.467.468.400.000.000;600.0
341; via Roberto Fancelli 161, Roma, Italy;418.619.863;125.817.561;380.0
342; via dei Volsci 104, Roma, Italy;418.992.468;125.176.716;485.0
343; via Collazia 27, Roma, Italy;41.878.261.200.000.000;12.507.263;500.0
344; via Sandro Sandri 74, Roma, Italy;419.040.739;125.492.791;370.0
345;  via Aristide Gabelli, Roma, Italy;41.942.613.200.000.000;124.229.691;450.0
346; via Aquilonia 4, Roma, Italy;41.891.951;125.498.519;385.0
347; via Chianti, Roma, Italy;419.154.889;125.275.805;390.0
348; via Homs, Roma, Italy;41.928.827.000.000.000;125.219.521;600.0
349; via Luni, Roma, Italy;41.881.687.400.000.000;125.065.603;450.0
350; viale Somalia, Roma, Italy;41.935.387.899.999.900;125.177.549;400.0
351; via Cupra, Roma, Italy;41.909.546;12.536.209;400.0
352; via Giacinto Martorelli 47, Roma, Italy;418.708.467;12.600.898.599.999.900;600.0
353;  via Graziano, Roma, Italy;419.004.677;124.314.978;450.0
354; via Quintilio Varo 33, Roma, Italy;41.851.546;12.568.408.699.999.900;
355; via Borghesano Lucchese 3, Roma, Italy;4.186.711.210.000.000;124.673.381;270.0
356; via Monterone, Roma, Italy;418.971.066;124.756.481;600.0
357; via Rinaldo d'Ami 19, Roma, Italy;418.029.884;12.427.669.900.000.000;500.0
358; via Calpurnio Fiamma 53, Roma, Italy;41.859.595.500.000.000;125.600.925;560.0
359; via Campo Catino 27, Roma, Italy;41.943.874;12.442.179.699.999.900;500.0
360; via Statilio Ottato 20, Roma, Italy;418.549.626;12.566.781;400.0
361; via Ivrea 34, Roma, Italy;41.877.191.100.000.000;12.519.366.999.999.900;415.0
362; via Raffaele De Ferrari 95, Roma, Italy;41.863.099.600.000.000;12.649.059.900.000.000;250.0
363; via Scirè, Roma, Italy;419.296.986;125.233.879;420.0
364; viale Filarete 179, Roma, Italy;41.877.565.399.999.900;125.393.433;330.0
365; via Virgilio Melandri 184, Roma, Italy;419.138.291;12.573.466.400.000.000;350.0
366; via Pietro Cartoni, Roma, Italy;41.873.426.200.000.000;124.531.405;420.0
367; via Giovanni Botero 23, Roma, Italy;41.870.686.799.999.900;12.526.406.399.999.900;450.0
368; via Ottorino Gentiloni 41, Roma, Italy;41.951.228;125.240.345;370.0
369; piazza Trasimeno 2, Roma, Italy;419.188.654;12.506.312.300.000.000;270.0
370; via delle Alpi, Roma, Italy;419.177.711;125.076.162;430.0
371;  via della Moletta, Roma, Italy;4.186.891.370.000.000;12.486.405.099.999.900;450.0
372; largo Arturo Donaggio, Roma, Italy;419.250.909;124.136.984;500.0
373; via Monte Epomeo 21, Roma, Italy;41.949.585.799.999.900;125.311.814;430.0
374; via Pastorino Pastorini 16, Roma, Italy;418.590.005;12.609.442.900.000.000;350.0
375; via Francesco Cherubini 8, Roma, Italy;41.944.232.799.999.900;124.247.716;375.0
376; via Giuseppe Gatteschi 10, Roma, Italy;419.225.919;12.524.464.199.999.900;500.0
377; via Pietro Blaserna 4, Roma, Italy;418.659.355;12.471.376;420.0
378; via Po 22, Roma, Italy;41.722.187.899.999.900;128.327.187;1.2
379; via Monte Viglio 7, Roma, Italy;417.200.251;130.041.284;400.0
380; piazza dei Mirti 5, Roma, Italy;4.188.141.029.999.990;12.566.923.599.999.900;350.0
381; via Casalmonferrato, Roma, Italy;418.806.625;12.518.220.800.000.000;490.0
382; piazza della Radio 14, Roma, Italy;418.701.516;124.672.165;500.0
383; via Fulcieri Paulucci de' Calboli, Roma, Italy;419.165.456;12.461.485;450.0
384; via Arnobio 11, Roma, Italy;419.120.025;12.441.728.900.000.000;550.0
385; via Pagoda Bianca 58, Roma, Italy;41.809.541.499.999.900;12.430.735.499.999.900;320.0
386; viale Guglielmo Marconi, Roma, Italy;416.839.928;127.805.881;450.0
387; via Teresa De Gubernatis Mannucci, Roma, Italy;419.393.085;124.275.535;500.0
388; via Rimini 14, Roma, Italy;418.843.807;125.120.945;530.0
389; via Prenestina 25, Roma, Italy;418.950.803;12.565.335.699.999.900;350.0
390; via Silvio d'Amico 6, Roma, Italy;418.518.024;124.779.102;350.0
391; via dei Colombi 60, Roma, Italy;418.693.314;12.593.345.699.999.900;290.0
392; via Michelangelo Tamburini 8, Roma, Italy;418.662.591;124.930.019;500.0
393; viale di Villa Pamphili 76, Roma, Italy;418.843.692;124.564.965;450.0
394; via dei Ginepri 34, Roma, Italy;418.886.942;12.570.884.199.999.900;350.0
395; via Capo Spartivento 29, Roma, Italy;41.737.885.299.999.900;122.863.413;1.05
396; via Giuseppe Guerzoni, Roma, Italy;4.185.556.270.000.000;124.496.936;400.0
397; via Luigi Pigorini, Roma, Italy;41.915.819;125.223.886;450.0
398; via Giuseppe Manno, Roma, Italy;418.732.739;125.196.819;390.0
399; via Luchino dal Verme, Roma, Italy;41.888.675.899.999.900;1.254.018;400.0
400; viale delle Milizie 15, Roma, Italy;419.117.455;12.460.048.800.000.000;1.6
401; piazza Gondar 1, Roma, Italy;419.332.904;125.205.804;460.0
402; via Rosa Raimondi Garibaldi 119, Roma, Italy;418.585.326;124.922.556;400.0
403; viale Angelico 38, Roma, Italy;419.114.157;124.581.182;600.0
404; via Matteo Tondi 22, Roma, Italy;419.176.813;12.558.898.300.000.000;370.0
405; via Castelfidardo, Roma, Italy;419.062.854;125.011.761;550.0
406; via Raffaele Aversa 152, Roma, Italy;41.786.648;124.463.649;350.0
407; via Stresa 53, Roma, Italy;419.379.843;124.419.674;450.0
408; via Eurialo 91, Roma, Italy;418.717.135;12.528.352.400.000.000;450.0
409; Cinecittà, Roma, Italy;418.493.002;125.743.771;400.0
410; via delle Sette Chiese 88, Roma, Italy;418.604.252;124.982.837;660.0
411; via Chiana, Roma, Italy;41.922.073.700.000.000;12.504.244.300.000.000;600.0
412; via Cupa 7, Roma, Italy;41.908.068.799.999.900;125.229.016;570.0
413; via Mestre 4, Roma, Italy;415.929.871;125.042.329;600.0
414; via Elce della Vecchia 51, Roma, Italy;418.742.885;126.942.592;660.0
415; via Ceneda 16, Roma, Italy;418.805.669;12.511.973.699.999.900;500.0
416; via Paolo Albera, Roma, Italy;418.773.842;12.533.256.699.999.900;450.0
417; via Orvieto 26, Roma, Italy;418.857.641;12.517.136.099.999.900;450.0
418; via Gaspare Finali 4, Roma, Italy;418.745.917;125.168.784;400.0
419; viale Liegi, Roma, Italy;419.205.579;124.970.302;500.0
420; via Marcantonio Raimondi, Roma, Italy;41.858.222.600.000.000;126.033.255;280.0
421; via dei Volsci, Roma, Italy;418.973.704;125.141.032;350.0
422; via di Acqua Bullicante 333, Roma, Italy;418.832.486;125.432.671;480.0
423; via Monza 9, Roma, Italy;418.859.595;125.153.754;450.0
424; via Michele De Marco 50, Roma, Italy;418.616.455;125.884.588;350.0
425; via Gerolamo Belloni 77, Roma, Italy;419.478.876;124.684.451;550.0
426; corso Trieste 61, Roma, Italy;41.923.266.299.999.900;125.131.774;750.0
427; via Satrico 32, Roma, Italy;418.777.634;12.506.011.500.000.000;450.0
428; via Michele Migliarini, Roma, Italy;418.280.338;12.587.385.800.000.000;320.0
429; via Francesco Valesio 13, Roma, Italy;418.756.364;12.520.250.599.999.900;450.0
430; via Maffio Maffii 11, Roma, Italy;4.191.014.620.000.000;12.543.956.800.000.000;410.0
431; viale Europa 97, Roma, Italy;414.614.446;126.318.247;500.0
432; via Foligno 3, Roma, Italy;418.851.831;125.187.952;525.0
433; via Arno 96, Roma, Italy;419.181.555;12.501.543.199.999.900;600.0
434; via Nicastro 3, Roma, Italy;41.882.808.399.999.900;125.191.536;590.0
435; via dei Meli 33F, Roma, Italy;41.880.986.799.999.900;125.755.164;320.0
436; via Francesco Caracciolo 10, Roma, Italy;41.908.089.200.000.000;124.493.625;550.0
437; via Ermanno Wolf Ferrari 256, Roma, Italy;417.513.466;123.745.927;350.0
438; via della Pineta Sacchetti 201, Roma, Italy;419.367.875;12.428.592;410.0
439; piazza Giovanni da Verrazzano 42, Roma, Italy;41.868.666;12.490.267.900.000.000;500.0
440; via Domenico Comparetti 24, Roma, Italy;41.942.010.499.999.900;12.551.156.599.999.900;350.0
441; via Monte Argentario 9, Roma, Italy;419.378.371;125.359.598;400.0
442; via Mario Rossi Tancredi 8, Roma, Italy;418.062.489;124.801.927;410.0
443; via Gerolamo Mercuriale 2, Roma, Italy;419.259.581;12.414.902.099.999.900;320.0
444; via Coriolano 45, Roma, Italy;418.736.666;12.526.895.800.000.000;550.0
445; via Leone Magno 17, Roma, Italy;419.036.995;124.204.286;480.0
446; via Ampio Flaviano 15, Roma, Italy;41.858.074;125.641.702;400.0
447; via Leopoldo Nobili, Roma, Italy;418.566.935;124.719.857;390.0
448; via Monte Nevoso, Roma, Italy;419.294.595;12.536.978.300.000.000;400.0
449; Borgo Vittorio 97, Roma, Italy;419.043.122;124.595.009;700.0
450; via Conte di Carmagnola 58, Roma, Italy;418.902.376;125.338.793;400.0
451; via Orso Mario Corbino 9, Roma, Italy;4.186.406.470.000.000;12.468.026;700.0
452; via Folco Portinari 65, Roma, Italy;418.684.146;12.450.282.099.999.900;450.0
453; via Giuseppe Maranini 39, Roma, Italy;418.391.315;12.609.254.400.000.000;400.0
454; via degli Opimiani 35, Roma, Italy;418.605.176;125.493.521;400.0
455; viale Val Padana 134, Roma, Italy;419.440.886;125.215.541;380.0
456; via di Donna Olimpia 240, Roma, Italy;418.775.533;12.452.728.599.999.900;450.0
457; via Federico Millosevich 13, Roma, Italy;419.203.746;125.452.701;400.0
458; via Cesare Pascarella 25, Roma, Italy;418.766.864;12.467.386.900.000.000;450.0
459; via Luigi Vittorio Bertarelli 7, Roma, Italy;4.190.608.710.000.000;12.536.954.699.999.900;410.0
460; via San Biagio Platani 109, Roma, Italy;418.781.914;12.640.234.399.999.900;500.0
461; via di Villa Chigi 97, Roma, Italy;419.316.401;125.130.664;300.0
462; via Carlo della Rocca 25, Roma, Italy;418.792.416;125.440.839;360.0
463; via Trebbia, Roma, Italy;4.191.616.629.999.990;124.986.597;200.0
464; via Madre Teresa Napoli 22D, Roma, Italy;41.910.706.700.000.000;12.673.162;420.0
465; via Enrico Toti, Roma, Italy;418.904.137;125.140.947;400.0
466; piazza Annibaliano, Roma, Italy;419.246.775;125.159.102;520.0
467; via Silvestro Baglioni 30, Roma, Italy;418.792.014;12.358.169.699.999.900;450.0
468; via Gaspare Gozzi, Roma, Italy;418.517.232;124.773.326;450.0
469; via La Spezia 139, Roma, Italy;41.886.199.299.999.900;12.514.454.800.000.000;400.0
470; via dell'Acquedotto Paolo 16, Roma, Italy;419.374.185;124.268.117;450.0
471; via Tembien, Roma, Italy;41.928.922.799.999.900;125.250.406;390.0
472;  via Costantino Reta  50, Roma, Italy;4.176.300.870.000.000;124.794.725;300.0
473; piazza Aruleno Celio Sabino 83, Roma, Italy;418.530.357;12.558.396.499.999.900;
474; via delle Cave 1, Roma, Italy;41.970.144;128.705.961;420.0
475; via Dino Penazzato 105, Roma, Italy;418.977.094;125.648.754;330.0
476; via Raimondo Montecuccoli 13, Roma, Italy;4.189.312.460.000.000;125.272.495;400.0
477; viale Paolo Ferdinando Quaglia 20, Roma, Italy;418.692.573;126.424.248;320.0
478; largo dell'Olgiata 15, Roma, Italy;42.025.549.299.999.900;123.747.003;400.0
479; via Astura 2, Roma, Italy;416.171.622;126.969.146;600.0
480; via Luigi Luiggi 16, Roma, Italy;41.865.266;124.844.046;650.0
481; via Barbana 20, Roma, Italy;418.468.846;12.483.708.300.000.000;400.0
482; via Val Chisone 35, Roma, Italy;41.933.655.200.000.000;125.274.401;450.0
483; largo Preneste 4, Roma, Italy;418.924.574;125.408.285;230.0
484; via Carnia 15, Roma, Italy;419.112.972;125.208.189;550.0
485; viale Marco Fulvio Nobiliore 50, Roma, Italy;41.857.618.200.000.000;125.637.988;375.0
486; via Catone 29, Roma, Italy;419.071.537;124.590.594;600.0
487; via Ugo Amaldi 21, Roma, Italy;4.185.256.939.999.990;12.467.697;600.0
488; via Egerio Levio, Roma, Italy;418.619.699;125.498.185;500.0
489; via Eugenio Barsanti, Roma, Italy;4.187.163.820.000.000;124.675.041;420.0
490; viale di Trastevere, Roma, Italy;41.887.998.700.000.000;124.733.686;500.0
491; via Britannia 26, Roma, Italy;418.799.753;125.081.927;580.0
492; via Claudio Asello, Roma, Italy;418.631.911;12.558.202.900.000.000;380.0
493; via Alberto Trionfi, Roma, Italy;4.189.952.720.000.000;12.533.837.599.999.900;400.0
494; via Gasperina 154, Roma, Italy;418.331.605;125.999.995;470.0
495; via Pandolfo 1 3, Roma, Italy;419.107.922;12.523.351.400.000.000;450.0
496; via Costantino 41, Roma, Italy;418.550.083;12.489.901.099.999.900;480.0
497; via Leonardo Bianchi, Roma, Italy;419.362.487;124.224.543;400.0
498; via delle Cave, Roma, Italy;41.871.891.299.999.900;12.533.005.900.000.000;500.0
499; via dei Gabbiani 27, Roma, Italy;415.086.141;125.803.692;450.0
500; via Mario Chiri 25, Roma, Italy;418.956.016;12.563.466;360.0
501; via Vigarano Mainarda 13, Roma, Italy;41.794.913.799.999.900;124.036.383;550.0
502; via Oreste Tommasini 13, Roma, Italy;41.919.757.700.000.000;125.257.375;450.0
503; via Romanello da Forlì, Roma, Italy;41.891.084;125.322.431;520.0
504; via Ernesto De Angeli 15, Roma, Italy;41.849.243.799.999.900;126.243.757;350.0
505; via di Vigna Consorti 97, Roma, Italy;41.846.011.299.999.900;12.434.212.599.999.900;420.0
506; viale Antonio Ciamarra 72, Roma, Italy;41.855.967.299.999.900;125.902.893;425.0
507; via dei Monti di Pietralata 18, Roma, Italy;41.923.159.999.999.900;125.313.738;500.0
508; via Maenza, Roma, Italy;419.748.711;12.442.457.699.999.900;350.0
509; via Vincenzo Alberti 5, Roma, Italy;41.848.363.299.999.900;126.200.785;400.0
510; via Calpurnio Pisone 80, Roma, Italy;418.616.972;125.649.279;350.0
511; via Francesco Gonin 6, Roma, Italy;41.858.919;126.106.597;360.0
512; via Enrico Fermi 43, Roma, Italy;415.214.479;126.224.684;500.0
513; via Pietro Campora 19, Roma, Italy;4.187.608.529.999.990;12.446.712.699.999.900;400.0
514; via Manlio Torquato, Roma, Italy;418.732.324;125.298.701;450.0
515; largo Antonio Beltramelli 1, Roma, Italy;41.910.165.299.999.900;125.380.201;450.0
516; via Albona, Roma, Italy;418.979.815;125.530.094;560.0
517; viale Alessandrino 9, Roma, Italy;418.721.773;125.801.753;300.0
518; via Salvatore di Giacomo 25, Roma, Italy;418.462.047;12.487.883.199.999.900;450.0
519; via Val d'Aosta, Roma, Italy;419.315.179;12.525.897;350.0
520; via Lardaria 16, Roma, Italy;41.926.463.500.000.000;124.253.748;390.0
521; via Val Savio 8, Roma, Italy;419.338.218;12.525.179.800.000.000;400.0
522; via Macedonio Melloni 11, Roma, Italy;41.853.666.600.000.000;124.715.334;540.0
523; via Emma Carelli, Roma, Italy;419.238.816;124.214.592;400.0
524; via Amiterno, Roma, Italy;4.188.227.070.000.000;125.081.924;500.0
525; via Arnaldo Fraccaroli 7, Roma, Italy;419.149.291;12.548.108.599.999.900;600.0
526; via Oronzo Quarta 4, Roma, Italy;41.858.963;125.732.724;400.0
527; via Enrico Fermi 80, Roma, Italy;418.646.123;12.472.545.199.999.900;400.0
528; via Luigi Rossini 50, Roma, Italy;418.597.379;12.606.083;250.0
529; via Michele di Lando 79, Roma, Italy;419.142.933;125.275.181;460.0
530; via Arnaldo Cervesato, Roma, Italy;419.085.726;12.547.941.900.000.000;360.0
531; via Vacuna, Roma, Italy;419.109.378;125.358.674;550.0
532; via Nicola da Guardiagrele 58, Roma, Italy;418.606.318;126.050.323;300.0
533; via Tiburtina, Roma, Italy;419.337.712;126.038.724;400.0
534; via della Villa di Lucina 72, Roma, Italy;41.856.525.899.999.900;12.484.800.300.000.000;450.0
535; via Positano, Roma, Italy;41.735.716;125.523.226;300.0
536; via Adalberto 6, Roma, Italy;41.909.778.700.000.000;125.243.546;700.0
537; via Maddaloni 12, Roma, Italy;418.912.831;12.543.733.300.000.000;350.0
538; via Tiburtina 150, Roma, Italy;419.154.362;125.612.742;450.0
539; via Pian Due Torri 7, Roma, Italy;41.847.282;124.640.811;400.0
540; via Pizzo Bernina 8, Roma, Italy;41.939.001.899.999.900;12.539.529.400.000.000;390.0
541; via Eugenio Torelli Viollier 129, Roma, Italy;41.912.803.000.000.000;12.538.012.400.000.000;425.0
542; via Giovanni De Agostini 75, Roma, Italy;418.854.474;12.529.114;425.0
543; Nuovo Salario, Roma, Italy;4.195.542.929.999.990;125.103.323;450.0
544; via Frascineto 13, Roma, Italy;418.286.006;12.613.574.400.000.000;400.0
545; via Magenta, Roma, Italy;419.031.381;125.029.099;400.0
546; piazza Regina Margherita 27, Roma, Italy;42.093.277.799.999.900;11.794.046.699.999.900;500.0
547; via Licia 64, Roma, Italy;418.812.231;12.502.884;550.0
548; via Migiurtinia, Roma, Italy;419.302.901;125.218.511;500.0
549; via Padova 41, Roma, Italy;41.911.041.499.999.900;125.190.571;400.0
550; via di Villa Albani 2, Roma, Italy;419.144.753;12.501.068;550.0
551; via Gustavo Fara 9, Roma, Italy;41.816.143;124.420.354;500.0
552; viale Filarete 263, Roma, Italy;418.793.558;125.386.855;350.0
553; via Pietro Marchisio 199, Roma, Italy;418.504.062;12.588.874.800.000.000;350.0
554; via Guido Zanobini 36, Roma, Italy;418.578.626;125.696.013;400.0
555; via Val d'Ala 20, Roma, Italy;419.438.876;125.139.844;400.0
556; via Nostra Signora di Lourdes 126, Roma, Italy;41.903.546.899.999.900;12.426.096.000.000.000;450.0
557; via Lemonia 207, Roma, Italy;418.512.323;125.601.606;450.0
558; via Tiburtina 571, Roma, Italy;419.081.139;12.534.848.199.999.900;500.0
559; viale Cesare Pavese, Roma, Italy;418.193.079;12.467.522;390.0
560; Lungotevere di Pietra Papa 183, Roma, Italy;41.861.383.700.000.000;124.702.972;490.0
561; via Veientana Vetere 368, Roma, Italy;419.882.795;12.490.067.100.000.000;250.0
562; via dei Crispolti 13, Roma, Italy;4.190.900.070.000.000;125.494.097;550.0
563; via Ostiense 73, Roma, Italy;418.721.313;124.804.056;300.0
564; via Unione Sovietica 16, Roma, Italy;419.303.729;124.713.025;380.0
565; via dei Gonzaga, Roma, Italy;418.809.382;124.198.955;1.1
566; via Cutilia, Roma, Italy;4.187.913.220.000.000;125.094.265;500.0
567; via Montepulciano 52, Roma, Italy;415.052.071;12.714.139;500.0
568; viale dei Consoli, Roma, Italy;418.641.585;125.525.234;450.0
569; via Labicana 111, Roma, Italy;418.892.339;125.015.905;550.0
570; via Giovanni Battista Bodoni 96, Roma, Italy;418.786.286;12.473.790.699.999.900;500.0
571; via dell'Assunzione 89, Roma, Italy;419.079.701;124.159.804;400.0
572; piazza Lotario, Roma, Italy;419.149.977;125.222.977;510.0
573; via Ugolino Vivaldi 30, Roma, Italy;417.173.882;123.110.745;308.0
574; via Ettore Rolli 36, Roma, Italy;418.742.573;124.676.123;470.0
575; via Eurialo 14, Roma, Italy;41.874.268.900.000.000;125.251.169;480.0
576; via Alessandro Severo 73, Roma, Italy;418.528.984;124.876.164;450.0
577; via Amedeo Cencelli 69, Roma, Italy;418.779.411;12.542.882.800.000.000;350.0
578; via Ceneda 14, Roma, Italy;418.804.401;12.512.366.900.000.000;600.0
579;  via via Lorenzo il Magnifico, Roma, Italy;41.910.968;125.286.105;600.0
580; via Bisentina, Roma, Italy;419.443.378;125.393.163;350.0
581; via Carlo Passaglia 10, Roma, Italy;419.106.094;124.484.755;600.0
582; via del Quadraro 9, Roma, Italy;41.860.121.500.000.000;12.554.457.000.000.000;400.0
583; largo Antonio Beltramelli, Roma, Italy;419.103.777;125.384.212;350.0
584; via Filippo Civinini 105, Roma, Italy;419.247.874;124.813.168;550.0
585; via degli Equi 69, Roma, Italy;418.963.102;12.513.149.499.999.900;600.0
586; via Raffaele Garofalo 143, Roma, Italy;418.423.236;125.993.769;240.0
587; via di Torrevecchia 257, Roma, Italy;419.167.244;124.080.933;330.0
588; via Giacinto De Vecchi Pieralice 70, Roma, Italy;41.900.263.200.000.000;124.423.492;450.0
589; via Francesco Gentile 67, Roma, Italy;418.549.003;12.588.365.699.999.900;440.0
590; viale Giulio Agricola 115, Roma, Italy;418.546.679;125.606.269;430.0
591; via Nomentana Nuova 25, Roma, Italy;419.347.374;12.532.376;960.0
592; via Anassimandro 6, Roma, Italy;418.829.006;125.346.147;400.0
593; via Sant'Angelo dei Lombardi 19, Roma, Italy;418.918.348;12.555.432.000.000.000;450.0
594; via dei Monti di Creta 85, Roma, Italy;41.901.599.700.000.000;124.294.925;450.0
595; via Giuseppe Veronese 51, Roma, Italy;41.866.724;124.643.418;350.0
596; via dei Sardi 65, Roma, Italy;41.896.848.799.999.900;12.516.672.999.999.900;638.0
597; via Germano Sommeiller 12, Roma, Italy;41.889.987.299.999.900;125.135.999;400.0
598; largo Bradano 1, Roma, Italy;419.249.902;125.136.942;500.0
599; via Aurelia 565, Roma, Italy;418.986.499;124.264.731;400.0
600; via Fontanellato 49, Roma, Italy;418.477.999;124.841.829;400.0
601; via Giovanni Marchesini 6, Roma, Italy;419.401.437;124.251.021;400.0
602; via della Giuliana, Roma, Italy;419.121.428;124.544.785;550.0
603; via di Casal Bertone 100, Roma, Italy;41.898.492.100.000.000;12.536.313;400.0
604; via Minturno 39, Roma, Italy;418.859.936;12.547.344.500.000.000;500.0
605; viale Ippocrate 156, Roma, Italy;419.066.692;125.168.547;550.0
606; via Rivisondoli 45, Roma, Italy;419.229.984;12.573.068.199.999.900;300.0
607; via Celimontana 38, Roma, Italy;418.885.198;12.496.489.599.999.900;700.0
608; via Prenestina 376, Roma, Italy;418.949.716;12.559.325;500.0
609; via Gerolamo Cardano 5, Roma, Italy;418.634.439;124.683.476;400.0
610; largo Somalia 27, Roma, Italy;419.359.069;12.515.617.500.000.000;550.0
611; via Appia Nuova, Roma, Italy;41.734.351.600.000.000;126.524.472;450.0
612;  via conca d'oro, Roma, Italy;419.389.496;125.269.496;500.0
613; via Federico Bocchetti, Roma, Italy;420.649.206;123.358.969;300.0
614; via Tuscolana 801, Roma, Italy;41.846.166.600.000.000;12.578.920.599.999.900;450.0
615; via dei Redattori 128, Roma, Italy;417.637.597;124.692.258;315.0
616; via Tazio Nuvolari 147, Roma, Italy;41.835.334.700.000.000;12.502.323.800.000.000;400.0
617; via Fiume Giallo 431, Roma, Italy;418.109.761;124.283.293;400.0
618; via Ulisse Dini, Roma, Italy;418.643.625;124.657.339;350.0
619; viale dello Scalo San Lorenzo 65, Roma, Italy;418.977.144;125.197.097;540.0
620; via Tullio Garbari 11, Roma, Italy;41.775.315.899.999.900;123.458.109;300.0
621; via dei Marrucini 8, Roma, Italy;41.899.842;12.514.114.300.000.000;450.0
622; largo Giacomo Guidi, Roma, Italy;41.881.185.200.000.000;124.263.735;400.0
623; via Filippo Meda 169, Roma, Italy;419.145.592;125.465.768;600.0
624; via del Casale Lumbroso, Roma, Italy;418.807.876;12.361.604.400.000.000;350.0
625; via Gabrio Casati 43, Roma, Italy;41.954.451.399.999.900;12.524.219.699.999.900;400.0
626;  via VALSAVARANCHE, Roma, Italy;419.445.357;125.152.868;450.0
627; via Ettore Rota, Roma, Italy;41.875.492.200.000.000;12.546.117;380.0
628; via Livio Salinatore 30, Roma, Italy;418.598.495;125.588.821;500.0
629; via Candia, Roma, Italy;41.907.586.200.000.000;124.508.049;450.0
630; via Pietro Romano, Roma, Italy;418.688.795;12.575.693.800.000.000;350.0
631; via Trionfale 8285, Roma, Italy;41.965.774.700.000.000;124.091.036;450.0
632; via Livorno, Roma, Italy;419.170.936;125.267.837;580.0
633;  via Valseriana, Roma, Italy;45.144.094.700.000.000;9.998.080.499.999.990;450.0
634;  via Sacco e Vanzetti, Roma, Italy;419.095.836;125.686.412;350.0
635; via Apuania, Roma, Italy;41.915.353.700.000.000;12.526.547;700.0
636; via Carlo Caneva 7, Roma, Italy;419.069.718;125.366.746;400.0
637; Balduina, Roma, Italy;419.202.104;12.442.008.900.000.000;450.0
638; via Carlo Maria Viola, Roma, Italy;419.159.342;125.602.198;350.0
639; via Raffaele Battistini 53, Roma, Italy;41.864.526.399.999.900;12.446.232.199.999.900;500.0
640; piazza Mincio, Roma, Italy;41.918.725;125.023.882;1.45
641; via Forlì, Roma, Italy;41.909.172.600.000.000;125.139.095;400.0
642; via Adalberto Cencetti, Roma, Italy;418.555.057;126.079.437;300.0
643; via Pisino 159, Roma, Italy;41.899.629.299.999.900;12.561.266;400.0
644; via Fonteiana 106, Roma, Italy;418.816.509;124.546.502;450.0
645; via Alessandro Cruto 8, Roma, Italy;418.611.909;124.660.584;980.0
646; via Dardanelli 37, Roma, Italy;419.177.748;124.571.501;400.0
647; via Modica, Roma, Italy;41.879.124;125.209.546;600.0
648;  via BASENTO, Roma, Italy;41.917.548.100.000.000;125.006.418;550.0
649; via Potenza 7, Roma, Italy;419.100.993;12.516.952.999.999.900;500.0
650;  via niccolò Piccinni, Roma, Italy;438.134.674;11.229.845;400.0
651; via Giuseppe De Robertis 14, Roma, Italy;418.131.439;12.479.942;780.0
652; via Val di Chienti 10, Roma, Italy;419.427.979;125.228.556;430.0
653; viale delle Medaglie d'Oro 283, Roma, Italy;41.911.164;12.444.761.999.999.900;450.0
654; via Attilio Odero 16, Roma, Italy;418.612.046;126.206.644;300.0
655; Circonvallazione Tuscolana 122, Roma, Italy;418.521.179;125.694.203;475.0
656; via Luigi Lilio, Roma, Italy;418.282.715;1.248.302;420.0
657; via della Camilluccia 741, Roma, Italy;419.367.151;124.430.759;600.0
658; Casal Bertone, Roma, Italy;418.970.696;125.325.389;400.0
659; via Bitinia 5, Roma, Italy;4.187.421.320.000.000;12.509.084;600.0
660; via del Fornetto, Roma, Italy;4.187.144.970.000.000;124.656.364;600.0
661; via Ghirza 6, Roma, Italy;41.923.606;125.177.883;550.0
662; via Emanuele Celesia 33, Roma, Italy;419.344.601;124.244.542;1.0
663; via Avenza 1, Roma, Italy;41.832.888.200.000.000;124.392.528;800.0
664; via Portuense 513, Roma, Italy;41.866.989.000.000.000;12.464.293.199.999.900;410.0
665; via Giuseppe Saredo 43, Roma, Italy;418.616.685;125.725.011;340.0
666; via Genazzano, Roma, Italy;418.907.712;12.552.704.400.000.000;360.0
667; via Angelo Bellani 15, Roma, Italy;418.728.561;124.692.996;600.0
668; via Tigrè 66, Roma, Italy;41.930.743.799.999.900;125.202.334;700.0
669; via Casilina 3, Roma, Italy;41.740.688;13.004.988.599.999.900;490.0
670; via Flaminia 466, Roma, Italy;420.547.892;124.873.912;400.0
671; via delle Vigne Nuove, Roma, Italy;41.960.542;125.362.665;450.0
672; via Salento 12, Roma, Italy;41.917.481.200.000.000;125.244.281;500.0
673; piazza di San Cosimato 4, Roma, Italy;418.870.974;124.692.861;600.0
674; via Vittorio Alpe 77, Roma, Italy;417.240.956;12.502.274;300.0
675;  via dei sabelli, Roma, Italy;4.189.861.679.999.990;125.184.539;500.0
676; via dei Salici, Roma, Italy;418.733.595;125.732.434;150.0
677; via dei Gracchi, Roma, Italy;419.101.657;124.712.668;800.0
678; viale Carlo Felice, Roma, Italy;41.886.871;125.095.668;700.0
679; via Cernobbio 26, Roma, Italy;419.932.569;124.868.112;380.0
680; via Galvani 4, Roma, Italy;418.781.958;124.783.286;400.0
681; viale Guglielmo Marconi 196, Roma, Italy;41.903.175.899.999.900;128.848.479;465.0
682; via Sebino 16, Roma, Italy;419.223.523;12.506.034.800.000.000;550.0
683; via Emilio Faà di Bruno, Roma, Italy;419.139.505;124.560.511;400.0
684; via Portuense, Roma, Italy;41.859.101;12.450.095.800.000.000;650.0
685; via Valsolda 31, Roma, Italy;419.365.568;125.292.481;360.0
686; via Giuseppe Ghislieri 14, Roma, Italy;418.748.764;12.448.723.300.000.000;350.0
687; via Camillo Sbarbaro 49, Roma, Italy;41.805.668.100.000.000;12.481.815.600.000.000;480.0
688; via Dire Daua, Roma, Italy;4.192.986.079.999.990;12.518.729.800.000.000;450.0
689; piazza Carlo Alberto Scotti 10, Roma, Italy;418.694.033;12.446.014;450.0
690; via Taranto 95, Roma, Italy;41.884.485.600.000.000;125.151.942;450.0
691; Bologna, Roma, Italy;419.136.627;125.208.145;410.0
692; via Isole Pelagie, Roma, Italy;419.372.544;12.530.381.599.999.900;350.0
693; viale della Bella Villa 58, Roma, Italy;418.724.341;125.826.173;400.0
694; via di Boccea 120, Roma, Italy;419.110.037;12.396.214;450.0
695; via Achille Barilatti 16, Roma, Italy;418.092.751;124.492.166;500.0
696; via Sirte 43, Roma, Italy;419.271.789;125.166.387;400.0
697; via Marcello Provenzale, Roma, Italy;41.926.559.000.000.000;12.420.304.699.999.900;350.0
698; via dei Monti Tiburtini, Roma, Italy;41.916.852.899.999.900;125.439.517;380.0
699; via Albalonga 52, Roma, Italy;417.253.579;128.272.724;450.0
700; piazza Conca d'Oro 23, Roma, Italy;41.939.981.700.000.000;125.283.413;400.0
701; viale Liegi 62, Roma, Italy;419.223.306;124.935.485;500.0
702; via Colle dei Pini 14, Roma, Italy;4.191.374.570.000.000;124.156.397;500.0
703; via Monte Massico 49, Roma, Italy;41.951.177.200.000.000;12.527.501.800.000.000;300.0
704; via Domenico Pennestri 7, Roma, Italy;419.320.763;124.419.445;550.0
705; viale dei Romanisti, Roma, Italy;418.694.148;125.708.091;300.0
706; piazza Mariano Armellini, Roma, Italy;419.183.972;12.522.466.699.999.900;400.0
707;  via Giorgio Baglivi, Roma, Italy;419.096.238;125.125.235;1.5
708;  piazzale delle Province, Roma, Italy;416.636.115;12.492.907;400.0
709; via Michelangelo Poggioli 19, Roma, Italy;41.907.101.399.999.900;125.163.746;500.0
710; viale delle Provincie 114, Roma, Italy;419.102.159;125.208.644;470.0
711;  via via Pietro Maffi, Roma, Italy;419.265.568;124.204.038;400.0
712; Fonte Meravigliosa, Roma, Italy;418.241.965;12.506.731.199.999.900;400.0
713; via Castelbianco, Roma, Italy;41.929.480.100.000.000;124.200.217;350.0
714; viale di Trastevere 141, Roma, Italy;41.883.388.000.000.000;124.691.843;550.0
715; via di Villa Ada 24, Roma, Italy;419.244.107;125.051.496;400.0
716; via dell'Aeroporto 6, Roma, Italy;418.613.409;12.555.254;400.0
717; via Pio IX 139, Roma, Italy;41.905.429;124.231.077;400.0
718; via Corfinio 9, Roma, Italy;418.843.434;125.087.799;460.0
719; via Piccarda Donati, Roma, Italy;419.130.453;125.251.799;450.0
720; via Giuseppe Berto, Roma, Italy;418.413.236;12.494.696.300.000.000;490.0
721; via Aristide Leonori 22, Roma, Italy;41.847.634;124.901.319;400.0
722; viale Ippocrate, Roma, Italy;41.907.644.299.999.900;125.183.316;560.0
723; via Libero Leonardi, Roma, Italy;41.848.764;125.915.696;340.0
724; via Fregene 5, Roma, Italy;419.527.166;12.066.748.599.999.900;450.0
725; via di Casal del Marmo 131, Roma, Italy;41.928.674;123.797.419;350.0
726; via della Ferratella in Laterano, Roma, Italy;418.833.447;12.501.205;420.0
727; Circonvallazione Ostiense, Roma, Italy;418.670.464;124.951.762;500.0
728; via Conte Verde 15, Roma, Italy;418.928.698;12.507.444.699.999.900;420.0
729; via del Fosso di Santa Maura, Roma, Italy;418.587.331;125.917.284;330.0
730; via Cherso 58, Roma, Italy;418.956.424;12.557.225.500.000.000;310.0
731; viale Giuseppe Mazzini, Roma, Italy;41.964.677.200.000.000;128.024.035;300.0
732; via Giovanni Zanardini 110, Roma, Italy;419.365.175;12.547.204.800.000.000;450.0
733; via Poggio Moiano, Roma, Italy;419.345.846;125.102.867;430.0
734; via della Madonna del Riposo 38, Roma, Italy;41.896.794.899.999.900;124.335.385;450.0
735; via Mattia Battistini 480, Roma, Italy;419.046.244;124.100.294;400.0
736; via Nicola Nisco 27, Roma, Italy;418.684.869;125.192.406;350.0
737; via Gentile da Leonessa 6, Roma, Italy;418.928.795;125.282.009;540.0
738; via Stelvio 1, Roma, Italy;41.779.411.200.000.000;12.834.126.800.000.000;400.0
739; via dei Faggi 63, Roma, Italy;418.841.382;125.654.623;400.0
740; via Domenico Barone 51, Roma, Italy;41.894.664.299.999.900;124.391.197;450.0
741; largo Gibilmanna, Roma, Italy;418.471.396;12.477.473;450.0
742; via Alberto da Giussano 5, Roma, Italy;41.892.303.999.999.900;125.341.783;400.0
743; via Romeo Rodriguez Pereira, Roma, Italy;419.162.859;124.384.707;350.0
744; Lungotevere degli Artigiani 10, Roma, Italy;418.732.888;124.704.399;450.0
745; via di Porta Maggiore 23, Roma, Italy;41.892.229.799.999.900;12.512.594.199.999.900;380.0
746; via Antonio Cantore, Roma, Italy;41.918.694.200.000.000;124.636.063;500.0
747; via Ariccia 22, Roma, Italy;4.186.966.029.999.990;125.300.916;460.0
748; via Ugo Pesci 48, Roma, Italy;419.061.993;125.392.926;400.0
749; via del Casale Giuliani, Roma, Italy;419.443.191;125.249.922;450.0
750; via Tripoli, Roma, Italy;419.287.836;125.251.041;500.0
751; via Filippo Meda 189, Roma, Italy;41.912.785.299.999.900;125.403.171;499.0
752; via Principe Amedeo 149, Roma, Italy;418.997.316;124.988.637;550.0
753; via Bradano 4, Roma, Italy;4.165.838;124.244.265;800.0
754; via Luigi Ferretti 19, Roma, Italy;418.679.732;12.572.767.800.000.000;350.0
755; via Cola di Rienzo, Roma, Italy;4.190.797.070.000.000;12.465.209.300.000.000;650.0
756; via Zenodossio 21, Roma, Italy;418.829.641;12.536.377.900.000.000;380.0
757; via Giuseppe Benedetto Dusmet, Roma, Italy;41.922.879.200.000.000;124.183.545;370.0
758; via Cassia 833, Roma, Italy;420.565.931;12.372.683;450.0
759; via Cremona 50, Roma, Italy;419.105.392;12.519.314.300.000.000;600.0
760; via Ottorino Lazzarini 12, Roma, Italy;419.091.588;12.445.043.199.999.900;600.0
761; via Castelfranco Veneto, Roma, Italy;419.496.632;12.475.776.199.999.900;450.0
762; largo Telese, Roma, Italy;418.931.672;125.471.695;400.0
763; viale Aventino, Roma, Italy;418.841.493;124.886.197;600.0
764; via dei Radiotelegrafisti, Roma, Italy;418.244.699;124.813.031;350.0
765; via Vittoria Colonna, Roma, Italy;41.905.051.799.999.900;12.473.175.300.000.000;450.0
766; via Roccapriora 44, Roma, Italy;418.711.108;12.531.423;400.0
767; via Nomentana 569, Roma, Italy;4.191.035.120.000.000;125.026.646;380.0
768; via Nicola Zingarelli 2, Roma, Italy;417.890.217;123.790.027;350.0
769; via Laurentina 135, Roma, Italy;416.713.971;12.537.317.999.999.900;430.0
770; via Federico Nansen 100, Roma, Italy;418.711.388;124.825.047;450.0
771; via Reno, Roma, Italy;41.919.868.799.999.900;12.505.977.699.999.900;550.0
772; piazza Giuliano della Rovere 11, Roma, Italy;417.292.195;12.281.055;400.0
773; via Gaeta, Roma, Italy;419.055.951;125.020.383;500.0
774; via Giuseppe Baretti, Roma, Italy;41.945.916;12.418.304.699.999.900;300.0
775; viale Giustiniano Imperatore 140, Roma, Italy;418.535.836;124.887.308;400.0
776; viale Ventuno Aprile, Roma, Italy;41.915.829.200.000.000;125.202.526;430.0
777; via delle Cave di Pietralata 14, Roma, Italy;419.138.045;12.540.057.899.999.900;350.0
778; via Alessandro VII, Roma, Italy;41.923.806.299.999.900;12.423.583;350.0
779; via dei Gracchi 278, Roma, Italy;419.092.561;12.467.143;520.0
780; via Cornelio Nepote, Roma, Italy;41.912.282.899.999.900;124.454.478;300.0
781; via Giovanni De Calvi 70, Roma, Italy;41.867.172.499.999.900;12.446.381.599.999.900;450.0
782; via Vittorio Amedeo II 19, Roma, Italy;418.902.092;125.090.196;370.0
783; via Oderzo 29, Roma, Italy;418.794.559;125.182.156;400.0
784; via Edoardo Jenner, Roma, Italy;418.716.884;124.448.552;550.0
785; via Leonardo Agostini, Roma, Italy;418.689.964;12.621.822.199.999.900;250.0
786; via Amedeo Crivellucci 21, Roma, Italy;41.868.295;125.257.474;260.0
787; via Genzano, Roma, Italy;41.870.604;12.529.544.900.000.000;400.0
788; via delle Case Rosse 53, Roma, Italy;4.192.765.479.999.990;126.368.757;290.0
789; via Alessandra Macinghi Strozzi 5, Roma, Italy;418.605.933;124.867.978;450.0
790; viale dei Colli Portuensi 167, Roma, Italy;418.666.232;12.443.919.000.000.000;500.0
791; via Avidio Cassio 22, Roma, Italy;418.647.633;125.519.815;400.0
792; via Luigi Tosti 45, Roma, Italy;41.873.305;12.519.437.199.999.900;450.0
793; via Ascrea, Roma, Italy;4.196.691.679.999.990;124.122.325;400.0
794; via Tuscolana 979, Roma, Italy;417.690.133;12.788.376.800.000.000;350.0
795; via Pietro Tacchini 22, Roma, Italy;41.922.593.799.999.900;124.851.567;500.0
796; via dei Marsi 42, Roma, Italy;418.952.906;125.137.263;400.0
797; via di Santa Lucia, Roma, Italy;419.196.659;12.457.040.699.999.900;470.0
798; via Comano 2, Roma, Italy;419.555.802;12.515.705;350.0
799; via Valco di San Paolo, Roma, Italy;4.185.239.779.999.990;12.475.207.199.999.900;450.0
800; via Oderisi da Gubbio, Roma, Italy;41.862.568.100.000.000;12.463.951.300.000.000;450.0
801; via Alessandro Cialdi 30, Roma, Italy;41.863.617.299.999.900;12.482.004;500.0
802; via Renato Simoni, Roma, Italy;41.910.249.799.999.900;125.389.584;400.0
803; via Silvio d'Amico, Roma, Italy;4.185.025.460.000.000;124.808.549;300.0
804; via Laurentina 3, Roma, Italy;41.851.178.600.000.000;12.477.478.199.999.900;550.0
805; via Campo Bruno 46, Roma, Italy;418.604.403;12.683.883.999.999.900;370.0
806; via Trionfale 8229, Roma, Italy;41.960.711.100.000.000;124.102.871;350.0
807;  via Gregoraci, Roma, Italy;41.843.266.899.999.900;12.598.121.800.000.000;550.0
808; via Fezzan, Roma, Italy;419.286.356;12.523.608.099.999.900;500.0
809; via Livio Salinatore 8, Roma, Italy;418.594.439;125.584.824;250.0
810; via di Passo Lombardo 341, Roma, Italy;418.456.146;126.270.034;500.0
811; via Giovanni Miani, Roma, Italy;418.758.932;124.875.847;500.0
812; via Parenzo, Roma, Italy;419.217.094;125.136.339;550.0
813; viale dei Monfortani 29, Roma, Italy;419.369.667;12.423.812;400.0
814; piazza di Villa Fiorelli, Roma, Italy;418.845.422;125.223.382;450.0
815; via Enrico Stevenson 24, Roma, Italy;41.919.982.399.999.900;12.520.646.000.000.000;480.0
816; via dei Silvestrini, Roma, Italy;41.858.105.200.000.000;12.446.442.300.000.000;430.0
817; viale Guglielmo Marconi 590, Roma, Italy;41.641.057.200.000.000;12.657.242.199.999.900;430.0
818; via Alessandro Vessella, Roma, Italy;419.361.121;125.106.274;500.0
819; via Achille Capizzano 12, Roma, Italy;41.833.113.700.000.000;12.582.835.699.999.900;350.0
820; Circonvallazione Ostiense 159, Roma, Italy;41.867.456;124.861.252;400.0
821; via Calabria 7, Roma, Italy;42.118.672.700.000.000;125.607.132;450.0
822; via Tommaso Campanella, Roma, Italy;419.108.148;124.527.161;500.0
823; via Agri, Roma, Italy;4.192.145.120.000.000;125.033.055;520.0
824; piazza dei Giureconsulti, Roma, Italy;419.019.434;124.257.266;550.0
825; via Borgo Velino, Roma, Italy;41.866.213;125.335.387;420.0
826; via Teodoro Mayer 34, Roma, Italy;41.895.825.200.000.000;125.495.225;350.0
827; via Luigi Biolchini 21, Roma, Italy;418.680.096;124.657.825;425.0
828; via Casamari, Roma, Italy;4.184.858.079.999.990;124.766.674;500.0
829; via Tiburtina 68, Roma, Italy;419.471.131;12.672.159.800.000.000;450.0
830; via Filippo Fiorentini 106, Roma, Italy;41.905.657.700.000.000;125.569.757;560.0
831; via Casimiro Teja, Roma, Italy;41.914.619;125.471.515;400.0
832; via Milazzo, Roma, Italy;41.902.371.200.000.000;12.504.950.599.999.900;700.0
833; via Clemente Rebora, Roma, Italy;418.081.239;12.478.634.300.000.000;415.0
834; via Emma Perodi 2, Roma, Italy;419.284.861;12.426.514.599.999.900;370.0
835; via Monte Buono, Roma, Italy;414.717.495;126.593.589;450.0
836; via Capua, Roma, Italy;418.813.765;125.450.005;380.0
837; via Vestricio Spurinna, Roma, Italy;418.648.495;125.536.776;350.0
838; via Giuseppe Galliano, Roma, Italy;419.011.317;12.536.338;380.0
839; via Francesco Tamagno 91, Roma, Italy;419.077.148;124.146.571;350.0
840; via Aldo Pini, Roma, Italy;418.187.711;12.442.051.199.999.900;400.0
841; piazza dei Vespri Siciliani, Roma, Italy;419.142.031;125.247.168;370.0
842; via Baldo degli Ubaldi 66, Roma, Italy;418.991.691;12.434.435;820.0
843; viale Libia 77, Roma, Italy;419.318.606;12.519.487.199.999.900;500.0
844; via Emanuele Filiberto, Roma, Italy;41.890.071.500.000.000;125.068.772;500.0
845; via Eugenio Checchi 79, Roma, Italy;419.100.996;125.445.264;400.0
846; via del Colle di Mezzo 13, Roma, Italy;418.262.756;12.491.173.300.000.000;350.0
847;  via Taggia, Roma, Italy;419.318.343;12.421.936.099.999.900;200.0
848; via Igea 45, Roma, Italy;419.347.876;124.424.793;449.0
849; via Ramiro Fabiani 116, Roma, Italy;419.233.331;12.553.274.400.000.000;420.0
850; via Buonarroti, Roma, Italy;418.935.519;125.024.537;600.0
851; via dell'Aquila Reale 77, Roma, Italy;418.634.583;12.596.029.099.999.900;450.0
852; via Michele Stefano de Rossi 13, Roma, Italy;419.190.494;12.543.243.400.000.000;450.0
853; via Giovanni Maria Caretti 27, Roma, Italy;41.860.007.200.000.000;126.207.723;300.0
854; piazza Amilcare Zamorani, Roma, Italy;41.911.345.700.000.000;125.450.181;450.0
855; via delle Azzorre 445, Roma, Italy;417.407.508;122.708.642;450.0
856; via Trionfale 7800, Roma, Italy;419.684.314;124.093.346;300.0
857;  via Antonino Bongiorno, Roma, Italy;4.190.700.220.000.000;125.679.405;1.4
858; via Cairo Montenotte, Roma, Italy;419.274.768;12.423.786.999.999.900;380.0
859; via Annone 20, Roma, Italy;419.239.094;12.513.858.599.999.900;450.0
860; via di Giardinetti, Roma, Italy;418.594.445;126.027.775;
861; via Pier Silverio Leicht 144, Roma, Italy;419.503.359;125.855.651;350.0
862; via Yambo 9, Roma, Italy;419.080.859;12.549.790.699.999.900;360.0
863; via Tiburtina 515, Roma, Italy;41.908.755.600.000.000;12.540.765.400.000.000;640.0
864; viale Telese, Roma, Italy;41.891.050.799.999.900;125.491.519;380.0
865; via della Stazione del Lido 30, Roma, Italy;41.732.354;122.847.224;320.0
866; via Casilina, Roma, Italy;41.864.597.700.000.000;126.042.056;280.0
867; via Lidia 5, Roma, Italy;418.726.987;125.105.162;800.0
868; via di Valle Alessandra 1, Roma, Italy;418.600.701;126.396.986;330.0
869; via Enrico Glori, Roma, Italy;419.439.021;125.671.526;350.0
870; via di Grottarossa, Roma, Italy;419.812.516;124.740.284;500.0
871; via Fortebraccio, Roma, Italy;418.897.801;125.289.958;450.0
872; via Tuscolana, 990, Quadraro, Roma, Italy;418.611.908;125.538.904;280.0
873; via degli Enotri, 25, Tiburtino-San Lorenzo, Roma, Italy;418.969.176;12.518.334.699.999.900;250.0
874; via Rodolfo Crespi, 39, Tor Vergata-Giardinetti, Roma, Italy;418.477.269;126.196.841;325.0
875; via Filippo Arena, 10, Centocelle, Roma, Italy;418.928.219;125.658.729;350.0
876; via Ragazzi del '99, 75, Giuliano Dalmata, Roma, Italy;41.819.635.299.999.900;124.899.103;450.0
877; via Val di Cogne, 38, Monte Sacro, Roma, Italy;419.401.206;125.280.543;400.0
878; vicolo del Casale di San Nicola, 93, Galeria, Roma, Italy;420.022.914;12.351.631.900.000.000;300.0
879; via Francesco Pallavicini, 7, Portuense, Roma, Italy;41.858.939.299.999.900;124.540.973;400.0
880; via Mead Margaret, 73, Giuliano Dalmata, Roma, Italy;418.139.486;125.084.923;430.0
881; via Passo del Turchino, 74, Casal Boccone, Roma, Italy;419.519.189;125.384.286;230.0
882; piazza dei Consoli, 11, Don Bosco, Roma, Italy;418.624.619;125.576.352;390.0
883; piazza Buenos Aires, 1, Salario, Roma, Italy;419.181.291;12.500.204.199.999.900;575.0
884; via Fratelli Durante, 6, La Storta-Isola Farnese, Roma, Italy;42.020.211.100.000.000;123.795.352;340.0
885; via Emilio Chiovenda, 26, Centocelle, Roma, Italy;418.903.619;125.689.068;350.0
886; via Francesco Salata, 34, Collatino, Roma, Italy;41.894.478;125.496.265;200.0
887; viale dei Salesiani, 30, Don Bosco, Roma, Italy;41.857.446;125.667.015;400.0
888; via Augusto Paperi, 11, Tor Vergata-Giardinetti, Roma, Italy;41.859.030.600.000.000;12.616.450.599.999.900;200.0
889; via del Campo, 19, Alessandrino, Roma, Italy;41.877.235.999.999.900;125.786.087;450.0
890; via Tiburtina, 150, Tiburtino-San Lorenzo, Roma, Italy;41.898.306.700.000.000;12.514.183.099.999.900;380.0
891; via Attio Labeone, 39, Quadraro, Roma, Italy;418.655.744;12.552.014;500.0
892; vicolo dei Tabacchi, 6, Trastevere, Roma, Italy;418.878.245;124.744.786;580.0
893; via Nomentana, 175, Salario, Roma, Italy;419.129.445;125.066.638;450.0
894; via Equizia, 7, Monti, Roma, Italy;418.949.146;124.981.817;350.0
895; circonvallazione Ostiense, 349, Garbatella, Roma, Italy;418.673.282;12.493.405.599.999.900;470.0
896; via Giovanni Giardini, 18, Tor Vergata-Giardinetti, Roma, Italy;418.594.144;126.097.718;300.0
897; via Enrico Mazzoccolo, 7, Don Bosco, Roma, Italy;4.186.128.239.999.990;125.684.384;420.0
898; via Cartagine, 88, Quadraro, Roma, Italy;4.185.865.510.000.000;12.549.601;400.0
899; via Savoia, 44, Salario, Roma, Italy;4.191.421.029.999.990;125.024.534;700.0
900; via marco decumio, 73, Quadraro, Roma, Italy;418.623.861;12.548.925;400.0
901; via Alfredo Comandini, 42, Casal Bruciato, Roma, Italy;41.908.892;12.552.457;420.0
902; via di Sant'Erasmo, 20, Monti, Roma, Italy;41.883.985.700.000.000;124.992.159;420.0
903; via Degas, 1, Torre Gaia-Villa Verde, Roma, Italy;418.616.606;126.525.826;230.0
904; piazzale Aldo Moro, 251, Tiburtino-San Lorenzo, Roma, Italy;41.901.235.799.999.900;12.512.243.400.000.000;280.0
905; via Giuseppe Giulietti, 18, Ostiense, Roma, Italy;418.751.258;124.797.328;360.0
906; via Perugia, 17, Pigneto, Roma, Italy;41.889.895.200.000.000;12.525.157;450.0
907; via dei Platani, 20, Centocelle, Roma, Italy;418.809.592;12.570.215.899.999.900;450.0
908; piazza dei Navigatori, 8, Ardeatino, Roma, Italy;41.860.954.299.999.900;12.499.352.499.999.900;400.0
909; viale della Serenissima, 145, Collatino, Roma, Italy;418.967.934;12.558.564.599.999.900;300.0
910; via Pasquale del Giudice, 12, Don Bosco, Roma, Italy;418.614.989;12.567.081.800.000.000;360.0
911; via Ricchiano, 41, Tor Vergata-Giardinetti, Roma, Italy;418.627.042;126.122.935;200.0
912; via giovanni treccani, 133, Torre Gaia-Villa Verde, Roma, Italy;418.621.314;126.324.469;300.0
913; via Gerocarne, 100, Malafede-Casal Bernocchi-Centro Giano, Roma, Italy;417.929.761;123.775.337;390.0
914; via Matilde Serao, 47, Spinaceto - Tor dè Cenci, Roma, Italy;41.777.783.299.999.900;124.404.994;340.0
915; via Giuseppe Cerbara, 72, Ardeatino, Roma, Italy;4.185.454.179.999.990;125.013.832;530.0
916; via Tuscolana, 1020, Appio Claudio, Roma, Italy;41.860.567.200.000.000;125.551.476;500.0
917; via Sante Vandi, 61, La Romanina, Roma, Italy;4.184.419.929.999.990;126.069.476;250.0
918; via del Ponte Delle Sette Miglia, 141, La Romanina, Roma, Italy;418.423.655;126.031.129;380.0
919; via Pisino, 99, Collatino, Roma, Italy;418.983.026;12.559.140.800.000.000;260.0
920; piazzale Gregorio VII, 28, Aurelio, Roma, Italy;418.995.125;124.512.556;300.0
921; via Tocco da Casauria, 80, Settecamini, Roma, Italy;419.333.688;126.530.733;400.0
922; viale Galvano della Volpe, 33, Tor Vergata-Giardinetti, Roma, Italy;418.341.711;126.315.797;350.0
923; via Pieve Ligure, 48, Primavalle-Torrevecchia, Roma, Italy;41.935.615.999.999.900;12.423.144.800.000.000;500.0
924; via di Torre Spaccata, 20, Cinecittà Est, Roma, Italy;418.553.932;12.583.668;700.0
925; via dameta, 31, La Rustica, Roma, Italy;41.919.267;12.605.427;300.0
926; via Vincenzo Manzini, 19, La Romanina, Roma, Italy;4.184.532.120.000.000;125.986.731;350.0
927; via Val Trompia, 136, Monte Sacro, Roma, Italy;419.345.113;125.279.647;450.0
928; via S. Fabiano, 15, Aurelio, Roma, Italy;4.189.454.979.999.990;124.431.823;550.0
929; via degli Opimiani, 10, Quadraro, Roma, Italy;418.625.834;12.550.852;390.0
930; via del Pigneto, 9, Pigneto, Roma, Italy;418.889.052;12.526.052.900.000.000;450.0
931; piazza Pio XI, 51, Aurelio, Roma, Italy;418.945.308;12.438.089.300.000.000;450.0
932; via degli Anemoni, 26, Centocelle, Roma, Italy;418.758.374;12.566.365.300.000.000;350.0
933; viale di Vigna Pia, 87, Portuense, Roma, Italy;418.637.122;124.590.474;500.0
934; via Ceccano, 29, Centocelle, Roma, Italy;418.777.956;125.629.968;400.0
935; via dei Piceni, 25, Tiburtino-San Lorenzo, Roma, Italy;4.189.801.370.000.000;125.188.865;450.0
936; via Rosa Raimondi Garibaldi, 42, Garbatella, Roma, Italy;418.580.203;124.913.467;500.0
937; via Erasmo Gattamelata, 28, Pigneto, Roma, Italy;418.923.309;12.536.114;330.0
938; via Nizza, 63, Salario, Roma, Italy;4.191.350.429.999.990;12.502.613;600.0
939; circonvallazione Casilina, 17, Pigneto, Roma, Italy;418.875.231;12.526.930.499.999.900;425.0
940; largo Mario Massai, 1, Casal Bruciato, Roma, Italy;419.088.779;125.515.199;480.0
941; via Maia, 10, Quadraro, Roma, Italy;41.865.539;125.482.687;425.0
942; piazza Melozzo da Forlì, 4, Flaminio, Roma, Italy;419.253.244;12.464.553;650.0
943; via Cremona, 50, Bologna, Roma, Italy;44.723.385.799.999.900;11.316.263.900.000.000;350.0
944; via di Trigoria, 70, Trigoria , Roma, Italy;417.177.171;12.450.847;500.0
945; via della Cappelletta della Giustiniana, 45, La Giustiniana, Roma, Italy;41.987.396.600.000.000;124.044.461;350.0
946; via Luigi Angeloni, 4, Portuense, Roma, Italy;418.546.438;124.490.104;350.0
947; via dei Frentani, 4, Tiburtino-San Lorenzo, Roma, Italy;41.900.463.099.999.900;125.093.111;420.0
948; via dei Ramni, 24, Tiburtino-San Lorenzo, Roma, Italy;418.993.484;125.114.662;460.0
949; via Federico Delpino, 5, Centocelle, Roma, Italy;41.891.252;12.563.902;500.0
950; via Cristoforo Colombo, 336, Garbatella, Roma, Italy;418.711.998;124.964.799;450.0
951; via Publio Valerio, 9, Don Bosco, Roma, Italy;418.556.388;12.566.252.800.000.000;400.0
952; via di Torrenova, 173, Torre Angela, Roma, Italy;418.875.255;126.208.802;350.0
953; via Spiro Valles, 44, Giuliano Dalmata, Roma, Italy;418.254.101;125.124.574;400.0
954; piazza Antonio Mancini, 9, Flaminio, Roma, Italy;419.302.294;124.642.916;500.0
955; piazza delle Camelie, 13, Centocelle, Roma, Italy;418.763.111;12.564.365.800.000.000;350.0
956; via Elio Lampridio Cerva, 14, Giuliano Dalmata, Roma, Italy;41.824.594.399.999.900;125.016.433;430.0
957; via Licinio Murena, 56, Don Bosco, Roma, Italy;418.624.968;125.544.788;430.0
958; piazza dei Consoli, 10, Don Bosco, Roma, Italy;418.625.757;125.562.278;400.0
959; via degli umbri, 15, Tiburtino-San Lorenzo, Roma, Italy;4.189.765.560.000.000;12.513.831.800.000.000;500.0
960; vicolo della Casetta Mattei, 5, Corviale-Casetta Mattei, Roma, Italy;418.536.762;124.192.418;450.0
961; via Taddeo Crivelli, 50, Tor Vergata-Giardinetti, Roma, Italy;418.613.239;12.601.138.699.999.900;330.0
962; via Gentile da Mogliano, 156, Pigneto, Roma, Italy;418.889.941;125.315.729;450.0
963; scalo san Lorenzo, 71, Tiburtino-San Lorenzo, Roma, Italy;418.930.217;125.158.789;499.0
964; viale Goffredo Parise, 35, Settecamini, Roma, Italy;419.451.834;126.278.595;340.0
965; via Serrata, 21, Casal Morena, Roma, Italy;418.101.761;12.616.739.599.999.900;400.0
966; via Ghisalba, 127, Labaro-Prima Porta, Roma, Italy;419.935.275;1.247.809;360.0
967; via dei Sergii, 22, Quadraro, Roma, Italy;418.603.827;125.485.036;450.0
968; via del Casale Agostinelli, 60, Casal Morena, Roma, Italy;418.164.443;125.988.365;320.0
969; via Braque, 1, Torre Gaia-Villa Verde, Roma, Italy;418.592.344;126.545.369;330.0
970; viale Jonio, 343, Monte Sacro, Roma, Italy;41.945.684.899.999.900;125.296.381;1.2
971; via Cutro, 24, Casal Morena, Roma, Italy;418.337.313;126.004.973;300.0
972; via Ugo Spirito, 44, Tor Vergata-Giardinetti, Roma, Italy;418.341.702;126.301.642;300.0
973; via Antonio Galtarossa, 18, Tor Vergata-Giardinetti, Roma, Italy;41.861.535.700.000.000;126.198.615;300.0
974; via Leonardo Greppi, 126, Portuense, Roma, Italy;418.630.218;124.597.993;460.0
975; via del Casale di San Pio V, 14, Aurelio, Roma, Italy;418.902.248;12.435.102.800.000.000;600.0
976; viale Fra' Andrea Di Giovanni, 201, Dragona-Dragoncello, Roma, Italy;417.780.907;12.345.991.099.999.900;300.0
977; via dei Sabelli, 96, Tiburtino-San Lorenzo, Roma, Italy;41.898.011.700.000.000;12.517.314.500.000.000;500.0
978; via Alessandro d'Aste, 6, Lido di Ostia, Roma, Italy;417.295.304;122.903.819;600.0
979; via Ferdinando Quartieri, 31, Tor Vergata-Giardinetti, Roma, Italy;418.530.662;126.123.089;380.0
980; via Giarre, 111, Borghesiana-Finocchio, Roma, Italy;418.569.999;126.711.177;300.0
981; via di Tor Vergata, 91, Tor Vergata-Giardinetti, Roma, Italy;418.421.636;126.225.374;450.0
982; via del Porto Fluviale, 69, Ostiense, Roma, Italy;4.187.236.179.999.990;12.477.487.599.999.900;600.0
983; via Ugo Bertossi, 6, Casal Bruciato, Roma, Italy;419.067.309;125.498.409;290.0
984; via della Cava Aurelia, 145, Aurelio, Roma, Italy;418.964.652;124.505.257;650.0
985; via Francesco Carletti, 7, Ostiense, Roma, Italy;418.733.341;12.481.259.300.000.000;490.0
986; via Brescia, 36, Salario, Roma, Italy;419.122.927;124.999.594;450.0
987; piazza di Valle Alessandra, 2, Torre Gaia-Villa Verde, Roma, Italy;41.861.166.299.999.900;126.392.141;650.0
988; via di Passo Lombardo, 83, Tor Vergata-Giardinetti, Roma, Italy;41.840.698.100.000.000;126.310.486;500.0
989; via Palagonia, 36, Tor Bella Monaca-Valle Fiorita, Roma, Italy;41.878.152;126.519.772;280.0
990; via Sandro Giovannini, 35, Casal Boccone, Roma, Italy;41.950.776;125.689.413;380.0
991; via dei campani, 40, Tiburtino-San Lorenzo, Roma, Italy;418.952.391;125.142.185;500.0
992; via Giuseppe Chiovenda, 20, Don Bosco, Roma, Italy;41.859.116.799.999.900;12.570.283.900.000.000;380.0
993; via delle Vigne Nuove, 100, Casal Boccone, Roma, Italy;419.582.902;12.535.744.099.999.900;450.0
994; via delle Fornaci, 1, Aurelio, Roma, Italy;41.896.410.100.000.000;12.457.042.699.999.900;600.0
995; via Caio Sulpicio, 5, Don Bosco, Roma, Italy;418.546.689;12.567.527.400.000.000;400.0
996; piazza di sant'apollonia, 10, Trastevere, Roma, Italy;41.889.706.700.000.000;12.470.916.699.999.900;570.0
997; via laurentina, 133, Ardeatino, Roma, Italy;418.402.229;124.808.481;420.0
998; via di torre maura, 100, Torre Maura, Roma, Italy;41.865.237.799.999.900;12.586.898;350.0
999; via Francesco la Fata, 11, Cesano, Roma, Italy;420.744.143;123.380.776;350.0
1000; via pietro piffetti, 8, Tor Vergata-Giardinetti, Roma, Italy;418.604.633;126.058.811;360.0
1001; via di tor vergata, 1, Tor Vergata-Giardinetti, Roma, Italy;41.857.564;126.261.103;170.0
1002; via dello scalo san lorenzo, 71, Tiburtino-San Lorenzo, Roma, Italy;41.892.894.399.999.900;125.156.727;499.0
1003; via della stazione di cesano, 570, Cesano, Roma, Italy;420.848.404;123.449.162;450.0
1004; via Ginori, 15, Testaccio, Roma, Italy;418.788.611;124.760.259;450.0
1005; via degli Ausoni, 45, Tiburtino-San Lorenzo, Roma, Italy;418.993.106;125.160.914;450.0
1006; via dei Georgofili, 10, Ardeatino, Roma, Italy;418.514.573;124.943.952;300.0
1007; via Val d'Ossola, 86, Monte Sacro, Roma, Italy;419.351.863;125.287.435;450.0
1008; via di Selva Candida, 1, Casalotti-Selva Nera-Valle Santa, Roma, Italy;4.194.532;1.231.971;290.0
1009; via Fabio Rulliano, 19, Don Bosco, Roma, Italy;418.586.652;125.604.989;320.0
1010; viale Guglielmo Marconi, 10, Marconi, Roma, Italy;443.593.779;117.000.144;550.0
1011; via Felice Bisleri, 18, Tor Vergata-Giardinetti, Roma, Italy;41.861.286.299.999.900;12.624.664;320.0
1012; via Giovanni da Empoli, 10, Ostiense, Roma, Italy;41.873.389;124.792.214;550.0
1013; via Augusto Dulceri, 10, Pigneto, Roma, Italy;41.884.972.600.000.000;12.534.268.199.999.900;350.0
1014; via lucio manlio vulsone, 4, Quadraro, Roma, Italy;41.860.605.299.999.900;125.541.295;375.0
1015; via Biagio Petrocelli, 219, La Romanina, Roma, Italy;41.841.570.700.000.000;126.112.381;350.0
1016; via Mario Schifano, 8, Tor Cervara, Roma, Italy;419.168.797;125.944.739;300.0
1017; via Padova, 41, Bologna, Roma, Italy;44.412.256;111.668.005;450.0
1018; via delle Spighe, 20, Alessandrino, Roma, Italy;41.876.298.600.000.000;12.574.351.199.999.900;400.0
1019; via Messina, 31, Salario, Roma, Italy;41.911.053.499.999.900;125.026.515;500.0
1020; via Tuscolana, 869, Don Bosco, Roma, Italy;41.856.793.700.000.000;125.624.775;350.0
1021; via san giovanni bosco, 72, Don Bosco, Roma, Italy;418.596.164;125.632.691;380.0
1022; via Carlo Francesco Bellingeri, 8, Primavalle-Torrevecchia, Roma, Italy;41.936.701;124.211.156;350.0
1023; via Baldo degli Ubaldi, 90, Aurelio, Roma, Italy;418.986.054;12.432.775;500.0
1024; via Teodosio Macrobio, 33, Balduina, Roma, Italy;419.230.737;12.442.616.000.000.000;450.0
1025; viale Della stazione di Ostia Antica, 7, Ostia Antica, Roma, Italy;417.575.177;12.301.008.300.000.000;500.0
1026; via Leopoldo Nobili, 30, San Paolo, Roma, Italy;44.702.438.799.999.900;106.326.218;350.0
1027; via maso finiguerra, 60, La Romanina, Roma, Italy;41.840.225.200.000.000;126.062.336;320.0
1028; via Nomentana, 91, Salario, Roma, Italy;419.112.653;12.503.795.599.999.900;370.0
1029; viale Bruno Rizzieri, 199, Cinecittà Est, Roma, Italy;418.520.608;125.847.099;370.0
1030; viale Appio Claudio, 249, Appio Claudio, Roma, Italy;41.853.599.100.000.000;125.626.409;500.0
1031; viale Guglielmo Massaia, 25, Garbatella, Roma, Italy;418.625.675;124.931.263;450.0
1032; via delle Genziane, 5, Centocelle, Roma, Italy;41.880.345.399.999.900;12.565.612.699.999.900;290.0
1033; piazza Gandhi, 3, Eur, Roma, Italy;418.352.109;12.462.985;370.0
1034; via Alberto da Giussano, 17, Pigneto, Roma, Italy;41.889.435.799.999.900;125.347.177;400.0
1035; via Tuscolana, 982, Quadraro, Roma, Italy;418.613.245;12.553.730.300.000.000;300.0
1036; via di Torre Gaia, 48, Torre Gaia-Villa Verde, Roma, Italy;418.582.375;12.637.480.499.999.900;250.0
1037; via Alfredo Blasi, 125, Torre Angela, Roma, Italy;418.684.273;12.623.965.400.000.000;350.0
1038; via Prenestina, 307, Collatino, Roma, Italy;41.893.725.599.999.900;12.549.782.800.000.000;300.0
1039; via Giuseppe Trabacchi, 41, Tor Vergata-Giardinetti, Roma, Italy;418.561.875;12.602.558.199.999.900;310.0
1040; via Caio Sulpicio, 2, Don Bosco, Roma, Italy;41.854.748.799.999.900;125.677.299;400.0
1041; via Flavio Stilicone, 10, Don Bosco, Roma, Italy;418.616.008;125.557.976;400.0
1042; via Gaetano Marzotto, 20, Tor Vergata-Giardinetti, Roma, Italy;418.481.963;12.618.330.499.999.900;400.0
1043; via Cassia, 1170, La Giustiniana, Roma, Italy;419.799.919;124.163.966;500.0
1044; via Tiburtina, 602, Casal Bruciato, Roma, Italy;419.124.175;125.538.076;250.0
1045; via Augusto Casciani, 23, Torre Angela, Roma, Italy;41.865.712.200.000.000;126.320.754;350.0
1046; viale Battista Bardanzellu, 117, Colli Aniene, Roma, Italy;419.145.234;12.570.394.699.999.900;325.0
1047; via di Porta Cavalleggeri, 16, Aurelio, Roma, Italy;4.189.948.629.999.990;12.453.071.000.000.000;500.0
1048; via Treviri, 38, Quadraro, Roma, Italy;418.589.464;125.520.331;350.0
1049; via dei Caudini, 1, Tiburtino-San Lorenzo, Roma, Italy;418.999.604;125.091.034;300.0
1050; via Po, 35, Salario, Roma, Italy;419.169.556;124.985.276;390.0
1051; via Tuscolana, 651, Quadraro, Roma, Italy;418.626.139;125.520.331;390.0
1052; via dei Lincei, 28, Ardeatino, Roma, Italy;418.542.643;124.954.301;400.0
1053; via Caio Manilio, 29, Appio Claudio, Roma, Italy;418.571.025;125.592.906;400.0
1054; via Vitaliano Rotellini, 65, Spinaceto - Tor dè Cenci, Roma, Italy;41.773.074;124.394.746;320.0
1055; Lungotevere Flaminio, 66, Flaminio, Roma, Italy;41.926.792.799.999.900;124.612.543;570.0
1056; via Latisana, 58, Collatino, Roma, Italy;41.895.526.600.000.000;125.614.239;350.0
1057; via Prenestina, 1310, Colle Prenestino-Prato Fiorito-Colle del Sole, Roma, Italy;418.915.311;12.658.846.400.000.000;450.0
1058; viale Arcangelo Ghisleri, 3, Pigneto, Roma, Italy;41.885.954.299.999.900;12.530.271.800.000.000;350.0
1059; via Salaria, 73, Pinciano, Roma, Italy;419.130.276;124.975.382;670.0
1060; via Prenestina, 230, Pigneto, Roma, Italy;41.891.155;125.273.525;450.0
1061; viale dello Scalo San Lorenzo, 61, Tiburtino-San Lorenzo, Roma, Italy;41.910.718;125.093.908;600.0
1062; via Caio Sulpicio, 1, Don Bosco, Roma, Italy;41.854.613;125.676.427;390.0
1063; via Ignazio Guidi, 71, Ardeatino, Roma, Italy;41.864.110.499.999.900;125.004.321;400.0
1064; via giuseppe donati, 119, Casal Bruciato, Roma, Italy;419.073.836;12.550.180.099.999.900;380.0
1065; via del Fosso di Santa Maura, 146, Tor Vergata-Giardinetti, Roma, Italy;418.574.024;12.596.248.800.000.000;300.0
1066; via Nostra Signora di Lourdes, 126, Valle Aurelia, Roma, Italy;421.391;1.178.713;520.0
1067; largo Camesena, 16, Pietralata-Tiburtina, Roma, Italy;41.908.986;125.338.012;275.0
1068; via Ettore Giovenale, 30, Pigneto, Roma, Italy;41.889.291;12.531.702.000.000.000;450.0
1069; via Danilo Stiepovich, 242, Lido di Ostia, Roma, Italy;4.174.002.479.999.990;12.271.952.699.999.900;330.0
1070; viale Regina Margherita, 360, Tiburtino-San Lorenzo, Roma, Italy;4.192.157;1.310.009;280.0
1071; via Caio Rutilio, 8, Don Bosco, Roma, Italy;418.563.786;12.567.159.199.999.900;400.0
1072; via Laurentina, s.n.c, Giuliano Dalmata, Roma, Italy;418.246.042;12.479.268.800.000.000;370.0
1073; via Achille Capizzano, 12, Capannelle-Aeroporto Ciampino, Roma, Italy;4.179.916;1.260.722;350.0
1074; via Nazareno Strampelli, 236, Trigoria , Roma, Italy;417.237.265;124.794.431;370.0
1075; via Francesco Gentile, 127, Cinecittà Est, Roma, Italy;4.185.257.120.000.000;125.860.175;350.0
1076; via Gaspare Balbi, 24, Lido di Ostia, Roma, Italy;41.717.352.399.999.900;12.313.134;500.0
1077; via Virgilio Ramperti, 10, Casal Bruciato, Roma, Italy;419.083.743;125.520.719;340.0
1078; via dei Noci, 10, Centocelle, Roma, Italy;418.834.396;125.653.056;270.0
1079; via vincenzo tomassini, 51, Primavalle-Torrevecchia, Roma, Italy;419.296.478;12.412.256;400.0
1080; piazza Ungheria, 7, Parioli, Roma, Italy;4.192.254.260.000.000;12.492.446.800.000.000;600.0
1081; via dei Taurini, 23, Tiburtino-San Lorenzo, Roma, Italy;41.900.101.899.999.900;12.510.266.099.999.900;440.0
1082; via dei Gracchi, 278, Prati-Borgo, Roma, Italy;45.4;1.098.333;520.0
1083; via dei Savorelli, 10, Aurelio, Roma, Italy;41.896.049.100.000.000;12.439.102.499.999.900;395.0
1084; via Luigi Cesana, 10, Casal Bruciato, Roma, Italy;419.105.162;125.523.529;350.0
1085; via Gregorio VII, 58, Aurelio, Roma, Italy;418.947.333;12.429.691.199.999.900;700.0
1086; via l'Aquila, 23, Pigneto, Roma, Italy;4.189.046.629.999.990;12.524.857.699.999.900;250.0
1087; via Pisino, 97, Collatino, Roma, Italy;41.898.295.000.000.000;12.559.090.199.999.900;260.0
1088; via Cassia, 1360, La Giustiniana, Roma, Italy;419.850.643;12.406.887.199.999.900;320.0
1089; via Pasquale Villari, 25, Monti, Roma, Italy;41.889.780.200.000.000;125.013.485;630.0
1090; via Vestricio Spurinna, 147, Don Bosco, Roma, Italy;418.640.054;125.563.579;370.0
1091; via Edoardo Arbib, 15, Casal Bruciato, Roma, Italy;419.110.096;125.514.245;350.0
1092; via Beata Savina Petrilli, 87, Giuliano Dalmata, Roma, Italy;4.181.392.039.999.990;125.072.813;350.0
1093; via di Casal Bruciato, 10, Casal Bruciato, Roma, Italy;419.087.407;125.454.996;450.0
1094; via dei Faggi, 135, Centocelle, Roma, Italy;418.840.835;12.567.063.300.000.000;400.0
1095; via Aurelia, 325, Aurelio, Roma, Italy;4.189.723.789.999.990;124.355.022;570.0
1096; via delle Libellule, 44, Castel di Leva, Roma, Italy;417.763.668;124.868.509;340.0
1097; via Michele cappelli, 41, Tor Vergata-Giardinetti, Roma, Italy;418.589.011;126.176.186;300.0
1098; via della Tenuta del Casalotto, 10, Casal Morena, Roma, Italy;4.181.834.310.000.000;126.084.015;600.0
1099; viale Bruno Pelizzi, 67, Cinecittà Est, Roma, Italy;418.567.581;125.836.946;320.0
1100; via Tiburtina, 10, Tiburtino-San Lorenzo, Roma, Italy;418.970.323;125.119.406;675.0
1101; via Ugo Bignami, 10, Balduina, Roma, Italy;4.192.441.710.000.000;124.440.787;400.0
1102; via Guglielmo Albimonte, 7, Pigneto, Roma, Italy;41.891.143;12.533.017.800.000.000;360.0
1103; largo Preneste, 34, Pigneto, Roma, Italy;418.927.611;125.415.255;380.0
1104; via Coreglia Antelminelli, 10, Trullo-Magliana, Roma, Italy;4.183.464;12.421.669.999.999.900;300.0
1105; via del Torraccio, 10, Torre Gaia-Villa Verde, Roma, Italy;418.490.779;126.560.018;300.0
1106; via Bitonto, 10, Torre Angela, Roma, Italy;418.878.391;126.157.192;300.0
1107; via Francesco Somaini, 10, Tor Vergata-Giardinetti, Roma, Italy;41.844.572.799.999.900;12.632.471;450.0
1108; via Giovanni Paisiello, 26, Pinciano, Roma, Italy;419.157.343;124.941.258;800.0
1109; via Muzio Attendolo, 26, Pigneto, Roma, Italy;41.890.843.100.000.000;12.535.524;400.0
1110; via della Formica, 10, Tor Sapienza, Roma, Italy;418.961.364;125.867.725;450.0
1111; via Giambattista Bassani, 10, Infernetto-Castel Porziano, Roma, Italy;4.173.333;12.4;450.0
1112; via dei Taurini, 10, Tiburtino-San Lorenzo, Roma, Italy;41.899.381;12.510.885;400.0
1113; via Margaret Mead, 10, Giuliano Dalmata, Roma, Italy;418.144.153;12.508.625;430.0
1114; Alberto Fassini, 20, Tor Vergata-Giardinetti, Roma, Italy;418.610.328;126.228.971;200.0
1115; via Filippo Carcano, 13, Ardeatino, Roma, Italy;418.540.566;125.035.011;350.0
1116; via Benedetto Croce, 26, Ardeatino, Roma, Italy;4.184.143.710.000.000;124.840.372;450.0
1117; viale Regina Margherita, 158, Salario, Roma, Italy;419.128.473;12.506.622.300.000.000;550.0
1118; via Simone Mosca, 21, Primavalle-Torrevecchia, Roma, Italy;41.927.469;124.208.238;250.0
1119; vicolo del Cedro, 10, Trastevere, Roma, Italy;41.889.911;12.468.106.800.000.000;550.0
1120; via dell'Annunziatella, 10, Ardeatino, Roma, Italy;418.560.924;125.054.146;400.0
1121; via Genova, 10, Monti, Roma, Italy;418.996.304;124.917.373;700.0
1122; via Vestricio Spurinna, 10, Quadraro, Roma, Italy;41.865.117.299.999.900;125.532.162;470.0
1123; via di Dragoncello, 10, Dragona-Dragoncello, Roma, Italy;417.876.573;123.486.826;300.0
1124; via Alessandria, 10, Salario, Roma, Italy;419.105.957;12.500.534.599.999.900;550.0
1125; via della Stazione Ostiense, 10, Ostiense, Roma, Italy;418.731.591;124.830.041;550.0
1126; via Atteone, 10, Torre Angela, Roma, Italy;418.791.328;126.199.579;350.0
1127; via Crescenzio, 10, Prati-Borgo, Roma, Italy;419.055.688;124.659.426;700.0
1128; via Arianna, 10, Torre Angela, Roma, Italy;418.752.482;12.619.427.499.999.900;380.0
1129; via Lucio Mummio, 2, Don Bosco, Roma, Italy;41.862.413.000.000.000;12.563.839.100.000.000;450.0
1130; via Pian Due Torri, 10, Magliana Nuova-Pian Due Torri, Roma, Italy;45.519.009.999.999.900;1.162.469;649.0
1131; via Amico da Venafro, 10, Pigneto, Roma, Italy;41.891.217.299.999.900;12.533.651.800.000.000;600.0
1132; via del Grano, 83, Alessandrino, Roma, Italy;418.736.045;12.576.956;400.0
1133; via Franco Michelini Tocci, 68, Balduina, Roma, Italy;419.204.545;124.460.883;390.0
1134; via Giovanni Battista Bastianelli, 10, Torre Angela, Roma, Italy;418.658.407;126.350.055;450.0
1135; via Vincenzo Cesati, 10, Centocelle, Roma, Italy;418.935.277;125.635.466;400.0
1136; via Ostiense, 10, Ostiense, Roma, Italy;418.743.367;12.480.617.599.999.900;460.0
1137; via Aurelia, 427, Aurelio, Roma, Italy;418.864.379;123.871.112;400.0
1138; via Fratelli Poggini, 10, Tor Vergata-Giardinetti, Roma, Italy;418.591.167;126.042.964;450.0
1139; piazza San Giovanni Bosco, 10, Don Bosco, Roma, Italy;41.859.753.600.000.000;12.563.554.199.999.900;450.0
1140; via dei Caldora, 10, Corviale-Casetta Mattei, Roma, Italy;418.527.395;124.175.839;450.0
1141; via Fonte Buono, 10, Ardeatino, Roma, Italy;418.470.619;12.484.952;400.0
1142; via Ostiense, 60, Ostiense, Roma, Italy;41.871.092.700.000.000;124.796.814;500.0
1143; via Roberto Malatesta, 10, Pigneto, Roma, Italy;4.188.757.929.999.990;125.372.008;420.0
1144; via Ghisalba, 10, Labaro-Prima Porta, Roma, Italy;42.0;1.248.333;300.0
1145; via Sestio Menas, 10, Quadraro, Roma, Italy;41.867.276.000.000.000;125.499.749;300.0
1146; via Girolamo Cocconi, 9, Centocelle, Roma, Italy;418.944.888;12.563.341.900.000.000;300.0
1147; viale dei Caduti Nella Guerra di Liberazione, 10, Spinaceto - Tor dè Cenci, Roma, Italy;417.918.758;12.448.705.300.000.000;450.0
1148; corso Duca di Genova, 26, Lido di Ostia, Roma, Italy;41.733.155.100.000.000;12.274.308.099.999.900;390.0
1149; via dei Frassini, 10, Centocelle, Roma, Italy;41.882.585.299.999.900;125.681.834;270.0
1150; via paolo frisi, 15, Pinciano, Roma, Italy;419.277.941;12.483.591.699.999.900;700.0
1151; via Flavio Stilicone, 259, Don Bosco, Roma, Italy;418.609.856;125.572.513;370.0
1152; via Cina, 200, Eur Torrino - Tor di Valle, Roma, Italy;4.196.544;1.290.012;420.0
1153; via del Pigneto, 1, Pigneto, Roma, Italy;418.904.625;125.222.725;600.0
1154; via Ignazio Persico, 6, Garbatella, Roma, Italy;41.865.700.200.000.000;12.489.678.900.000.000;530.0
1155; viale del Vignola, 5, Flaminio, Roma, Italy;41.925.532.399.999.900;124.660.701;473.0
1156; via dei Laterensi, 10, Quadraro, Roma, Italy;41.861.064.500.000.000;125.519.217;650.0
1157; via Fratelli Ruspoli, 10, Parioli, Roma, Italy;419.231.491;124.973.757;550.0
1158; via Carlo Santarelli, 24, Tor Vergata-Giardinetti, Roma, Italy;41.862.745.700.000.000;126.073.839;220.0
1159; via Diano Marina, 30, Primavalle-Torrevecchia, Roma, Italy;419.282.469;124.206.417;350.0
1160; via Diego Angeli, 53, Casal Bruciato, Roma, Italy;419.074.896;125.512.584;480.0
1161; via Paolo II, 5, Aurelio, Roma, Italy;418.983.664;12.453.795;450.0
1162; via Benedetto Bompiani, 36, Ardeatino, Roma, Italy;418.585.587;125.035.201;400.0
1163; via Beniamino de Ritis, 21, Pietralata-Tiburtina, Roma, Italy;419.333;125.989;430.0
1164; via dell'Esquilino, 38, Termini - Castro Pretorio, Roma, Italy;4.190.688;12.503.810.000.000.000;800.0
1165; via Emilio Lepido, 14, Don Bosco, Roma, Italy;418.582.028;125.613.131;350.0
1166; via Giorgio Pitacco, 21, Collatino, Roma, Italy;418.946.734;125.474.919;250.0
1167; via Melpomene, 22, Torre Angela, Roma, Italy;418.737.604;12.615.146.699.999.900;350.0
1168; via Gibilmanna, 4, Garbatella, Roma, Italy;4.187.515;1.248.141;450.0
1169; via Cornelio Labeone, 92, Quadraro, Roma, Italy;418.601.604;12.553.533.900.000.000;280.0
1170; via Cipriano Facchinetti, 113, Casal Bruciato, Roma, Italy;419.077.342;125.476.518;250.0
1171; via Val Savio, 9, Monte Sacro, Roma, Italy;4.193.333;1.253.333;500.0
1172; via della fonte di fauno, 8, Aventino - San Saba, Roma, Italy;418.764;1.249.497;600.0
1173; piazza Giuliano della Rovere, 15, Lido di Ostia, Roma, Italy;417.294.501;12.280.691.599.999.900;400.0
1174; via Tuscolana, 1168, Appio Claudio, Roma, Italy;418.574.974;12.560.815.400.000.000;280.0
1175; via Oderisi da Gubbio, 157, Marconi, Roma, Italy;4.184.938;12.475.530.000.000.000;250.0
1176; via del labaro, 139, Labaro-Prima Porta, Roma, Italy;419.902.432;12.491.000.199.999.900;450.0
1177; via Cesare Massini, 94, Colli Aniene, Roma, Italy;41.909.391.299.999.900;12.571.257.800.000.000;380.0
1178; via Corinto, 55, San Paolo, Roma, Italy;4.188.333;1.248.333;460.0
1179; viale Palmiro Togliatti, 1458, Colli Aniene, Roma, Italy;419.205.017;125.666.151;250.0
1180; via Anacapri, 22, Collatino, Roma, Italy;4.190.483;1.258.836;400.0
1181; via Costantiniana, 77, Labaro-Prima Porta, Roma, Italy;4.199.004.420.000.000;12.488.997.099.999.900;370.0
1182; via Quintilio Varo, 33, Appio Claudio, Roma, Italy;41.852.120.899.999.900;12.567.519.099.999.900;375.0
1183; viale Jean Paul Sartre, 8, Tor Vergata-Giardinetti, Roma, Italy;41.837.267.600.000.000;126.304.019;400.0
1184; via monterone, 1, Piazza del Popolo - Piazza Navona - Quirinale, Roma, Italy;41.9;1.248.333;600.0
1185; via Gennaro Cassiani, 90, Colli Aniene, Roma, Italy;41.917.944.899.999.900;12.567.206;300.0
1186; via di Bravetta, 147, La Pisana, Roma, Italy;41.855.579.999.999.900;1.238.213;370.0
1187; via Pietro Borsieri, 26, Mazzini-Lungotevere, Roma, Italy;4.189.193;12.511.330.000.000.000;550.0
1188; via Pietro Bracci, 8, Tor Vergata-Giardinetti, Roma, Italy;418.563.718;126.010.941;300.0
1189; via Tiburtina, 915, Ponte Mammolo-San Basilio, Roma, Italy;4.193.977;1.258.415;500.0
